file_name,meme_type,hate_type,meme_type2,hate_type2,text
img24.jpg,hate_speech,ddd,0.0,1.0,انا نظري ضعيف ومش هخش الجيش اقسم بالله انت قناص
img28.jpg,hate_speech,gender,0.0,4.0,لما فيمينست تتابع هانتر وتعرف غون بيبحث ابوه ومش عايز يعرف امه
img10.jpg,hate_speech,gender,0.0,4.0,لا أحد النسويات
img7.jpg,hate_speech,gender,0.0,4.0,يعني لو قلعنا الحجاب وتعرينا هنطلع القمر أوماااال
img16.jpg,hate_speech,gender,0.0,4.0,فيمينيست عربية نفسي اطلع اوروبا حرية وتحرر و حرية في الزنا والاجهاض قد كده
img6.jpg,hate_speech,gender,0.0,4.0,الجسد عمره ماكان وصمة عائدا سبب من اسباب التقدم جسدي ثورة مش عورة يا حمدييي
img2.jpg,hate_speech,gender,0.0,4.0,فيمينيست عربيه كنت أعاني من القمع والعادات والعرف في العالم الشرقي حتى ذهبت الى اوروبا وجدت الزنا والاجهاض من الحريات الشخصية
img12.jpg,hate_speech,gender,0.0,4.0,فيمينيست عندكم تحرر ومساواة للمرأة بالرجل
img8.jpg,hate_speech,gender,0.0,4.0,انتا عمال تدعم الفيمينيزم انت تعرف يعنى ايه فيمينيست بص على الكومنتات يا سيد يا اخويا وانت تعرف
img14.jpg,hate_speech,race,0.0,3.0,عندما نجرب الطعام الإفريقي للمرة الأخرى مؤهل
img5.jpg,hate_speech,race,0.0,3.0,لا احد فريق كرة قدم عربي سجل ركلة جزاء
img9.jpg,hate_speech,gender,0.0,4.0,الآن سنرى الجمال الذى يخفيه الحجاب كما تقول الفيمينيزم
img4.jpg,hate_speech,race,0.0,3.0,فيمينيست عندكم تحرر ومساواة للمرأة بالرجل
img31.jpg,only humor,no hate,1.0,,اكتئاب المراة المجتمع اكتئاب الرجل
img15.jpg,hate_speech,gender,0.0,4.0,الحجاب ليس له علاقة بالدين
img32.jpg,hate_speech,gender,0.0,4.0,بالله عليك اذا عرفت ألي أنثى شادة متصدر ملحدة إنسانية ليبرالية نسوية وطنية وفخورة
img3.jpg,hate_speech,gender,0.0,4.0,فيمينيست عربية نفسي اطلع اوروبا حرية وتحرر و حرية في الزنا والاجهاض قد كده
img18.jpg,only humor,no hate,1.0,,معنى فرح شعبى نسى كان يفنى ايه اصلا
img29.jpg,hate_speech,national_origin,0.0,2.0,واحد توفي الصعيد والحكومه راحت تحقق الجريمه ق
img17.jpg,hate_speech,national_origin,0.0,2.0,الوجه العلم
img11.jpg,hate_speech,national_origin,0.0,2.0,اليمنيون حاليا يا يا .. سمب يا شباب الي يعزني يعمله اليمنيون قديما انا غاضب منك هيا نازلني في المعركة
img19.jpg,only humor,no hate,1.0,,معنى فرح شعبى نسى كان يفنى ايه اصلا
img26.jpg,hate_speech,national_origin,0.0,2.0,الشهير فيلمه لله جر ف المالكي
img1.jpg,hate_speech,religion,0.0,0.0,حان وقت العودة للاسلام الوسطى ومحاربة التطرف دانا تغيرت عشانك
img27.jpg,hate_speech,national_origin,0.0,2.0,عندما تقوم بتنزيل أشاوس الزرقاء وتجرب كلمة سر
img33.jpg,hate_speech,religion,0.0,0.0,مسلم كيوت لا تخافوا الكل سيدخل الجنة
img20.jpg,only humor,no hate,1.0,,ملحد مذا الجو حار للغاية استطيع يطيقه انا
img35.jpg,only humor,no hate,1.0,,لما تعمل باسورد الواي فاي قانوني تليفونه وتلاقي الشارع كله معا فاي
img23.jpg,only humor,no hate,1.0,,يسطى انا جاي اجيبلك الولد الي فنشك قولي مكانه
img25.jpg,only humor,no hate,1.0,,ياصاحبي بحاول افتح التلفون ببصمة رتوش راضي يفتح
img30.jpg,only offensive,no hate,2.0,,لما صاحبك يقولك العيال وانت تقوله خال العمال
img34.jpg,only humor,no hate,1.0,,اتمانع لو جلست انها مؤخرتك ضعها حيثما تريد
img22.jpg,only humor,no hate,1.0,,لما الضيوف يقعدوا ساكتين لربك نبعد مولين جماعة ولله
img21.jpg,only humor,no hate,1.0,,لواحد يسألك انت وصغير حافظ ايه تقوله والله احد فيقول سمع سورة الإخلاص
img60.jpg,hate_speech,race,0.0,3.0,العرب ايام الجاهلية
img58.jpg,hate_speech,religion,0.0,0.0,هامان عندما قال له فرعون ان يبني له صرحا ليطلع الى اله موسى
img65.jpg,only humor,no hate,1.0,,تشكيل أهلك للمرة الأف انك ماتحب البامية
img63.jpg,only humor,no hate,1.0,,شركة نصابة بدي اقل قيمتهم شركة زين الو معك شذى من شركة زين كيف بقدر اساعدك
img57.jpg,only humor,no hate,1.0,,اللون ماسك بعد يعرف انه حمودة سيتم كنترول البقعة عمان بده يركب الشريحة عشان يزيد مهاراته حساب عدد الركاب الممكن تحميلهم الواقف دون التأثير على كافة القهوة الي بيده
img51.jpg,only humor,no hate,1.0,,لما تعمل غلط وانت أبوك الشارع
img43.jpg,only humor,no hate,1.0,,بعد سنين أول يوم
img46.jpg,hate_speech,gender,0.0,4.0,لما تسأل فيمينيست او علماني ازاي نتقدم ونبقي زي الغرب الاهتمام بالتعليم ومحاربة الفساد توفير فرص عمل الاهتمام بالصحة الحرية الجنسية منع الحجاب والنقاب القضاء على الدين اغلاق الازهر شرعنة الدعارة السماح بالاجهاض
img36.jpg,only humor,no hate,1.0,,انظر اليه يمشي وسط المطر بلا مظلة
img47.jpg,hate_speech,gender,0.0,4.0,في هذه اللحظة ادرك ابو سمرة ان هناك اشياء اجمل من طيور الجنة
img50.jpg,hate_speech,gender,0.0,4.0,لما تبقى فيمينست ومش عارفه تعملى ايه
img49.jpg,hate_speech,gender,0.0,4.0,انا بنزل صورتي ستوري بتقعد 24 ساعة بقعد بعدها في السرير اسبوع صورتها اللي بتنزلها
img52.jpg,hate_speech,gender,0.0,4.0,فيمينست وواضحة تجيب خدامه للبيت
img37.jpg,hate_speech,national_origin,0.0,2.0,تهامة تفرق الشعب بدون رواتب البنية التحتية تنهارالحوثيون يحتفلون بيوم الغدير
img59.jpg,hate_speech,national_origin,0.0,2.0,عندما تخبر موري قومي عن أمجاد بطل مسلم ثم تخبره انه تركي
img45.jpg,hate_speech,national_origin,0.0,2.0,أرني أكبر عدو قلت اكبر عدو مثالي
img41.jpg,hate_speech,national_origin,0.0,2.0,دكاترة اليمن مغص طبيعي فيك سرطان
img62.jpg,hate_speech,national_origin,0.0,2.0,الحو المرتبات هادي لأنه أخذ البنك هادي واللي جاب العدوان العدوان مسوي حصار خانق اليمن فكوا الحصار اليمن اسمحوا بدخول بواخر النفط العالقة الحوثة أيضا بعدك أزمة بترول
img54.jpg,hate_speech,national_origin,0.0,2.0,فراولة اشي هيك  شو يعرفني انا  من الزرقاء
img44.jpg,hate_speech,religion,0.0,0.0,عندما تعلم ان السحاب هو ما ينزل المطر وليس الله كما يدعي الاسلاميون
img64.jpg,hate_speech,religion,0.0,0.0,لما يموت واحد مسيحى وهو كافر أصلا
img70.jpg,hate_speech,national_origin,0.0,2.0,دولة جديدة تقرر التطبيع اسرائيل عرب
img39.jpg,hate_speech,religion,0.0,0.0,واحد لا ندري ملته النقاب يطمس شخصيتك ولا وجود له في الاسلام وهو عادة جاهلية لا توجد اية او حديث تدعو النساء للنقاب انا لست مسلمة ان يهودية انتمي لقبيلة اليهود الحريديم والنقاب عادة عنا انا اسف سيدتي اعتذر لك الحرية في ارتداء ما تريدين
img61.jpg,hate_speech,religion,0.0,0.0,المسلمين الكيوت تخلف شذوذ نفاق نفس الأوصاف بالاعلى لكن باللون الأزرق
img56.jpg,hate_speech,religion,0.0,0.0,لا احد والله لا احد الشيعة في عاشوراء
img67.jpg,only humor,no hate,1.0,,لما تمسك موبايل أمك تشو الساعة كام يبوظ بعدها بسنتين أمك
img66.jpg,only humor,no hate,1.0,,لما ابقي راكب عربية وأسند راسي إزاز الشباك
img69.jpg,hate_speech,religion,0.0,0.0,واشرب تمور وحليب
img53.jpg,hate_speech,religion,0.0,0.0,عندما تكون قائد جيش مكون من 200000 صليبي وتهزم من 2000 مجاهد فقط أصلا انتم هكر
img55.jpg,only humor,no hate,1.0,,الماء سائل ليس لون وطعم رائحة
img42.jpg,hate_speech,national_origin,0.0,2.0,ميرور بريطاني توفي بمصر وعادت جثتة بدون قلب
img48.jpg,only humor,no hate,1.0,,هجوم باريس هجوم البايرن دفاع الفريقين
img68.jpg,only humor,no hate,1.0,,عملت أكل لنفسك وحريته السفره خلاص ودخلت المطبخ تجيب حاجه القطه
img40.jpg,only humor,no hate,1.0,,شاب في سن ال 20 حد يجي يشيل قصادي التربيزة دي ست عندها خمسين سنة
img38.jpg,only humor,no hate,1.0,,صديقك الكتاب اتولد ازاى
img81.jpg,hate_speech,national_origin,0.0,2.0,انت لو سمحت النت بطيئ موظف اي شركة نت اردنية : جربت تفصل المودم وتضويه انت اه جربت الموظف  بعد ما خلصت افكاره
img100.jpg,hate_speech,national_origin,0.0,2.0,الولد علا صوته على ابوه بالغلط بمسلسل خليجي الأب
img104.jpg,only offensive,no hate,2.0,,لعا العرس يطرد الحصة يقولك اطلع اقف جنب الزبالة تروح تقف جنب
img78.jpg,hate_speech,gender,0.0,4.0,مسلم قاعد بأمان الله نسوية معاقة ذهنيا الغرب تعالي يا مزة هنا ايه الحلاوة دي يلعن ميتين شكلك مجتمع متحرش ابن كلب
img105.jpg,hate_speech,gender,0.0,4.0,نسوية الحجاب يؤذي جسد المرأة
img94.jpg,hate_speech,race,0.0,3.0,الواحد صيني يبقى بيعمل شوربة خضار ويلاقي فار ماشي السقف ويقع الحلة بالغلط
img84.jpg,hate_speech,national_origin,0.0,2.0,الهنود الان 2 روبي واعملك غرر على كل بوستات احمد سبيع انا وقبيلتي الهنود سابقا هؤلاء المسلمين فتحوا مدينتنا لكنهم اناس صالحون وعادلون سنطلع على دينهم لحله يكون الحق
img77.jpg,hate_speech,national_origin,0.0,2.0,اهداف الثورة اليمنية اهداف بلا هدف
img91.jpg,hate_speech,national_origin,0.0,2.0,لما تنزل عدن ومعك فلوس قديم كل احد حرفيا كل احد
img92.jpg,hate_speech,religion,0.0,0.0,بطوله الكمال لله وحده
img72.jpg,hate_speech,national_origin,0.0,2.0,الحوثي الشرعية الانتقالي
img99.jpg,hate_speech,religion,0.0,0.0,لما طلاب التحفيظ يطلبوا رحلة للمسبح المدرس الاصلاحي الذين امنوا
img102.jpg,hate_speech,religion,0.0,0.0,الطلعه الجديد من المسلمين بيحتفلوا بأعياد الكفار ويتشبعوا بكل حاجه يسودها بدون تردد الكفار يشتوا يمارسوا الطقوس الاسلامية
img86.jpg,hate_speech,religion,0.0,0.0,مسلمين متخلفين لمادا سمعتوا صلاة للجمعة ستعود ل لقرب حققه بتقول قادرين لسمعة لكل هيه زم كثيرها
img103.jpg,hate_speech,religion,0.0,0.0,العيش كمسلم في القرن الواحد والعشرين
img90.jpg,hate_speech,religion,0.0,0.0,المسلم الكيوت الي بأمن ان الكل هيدخل الجنة الولد الحنبلي الي بكفر تارك الصلاة بشروط
img83.jpg,hate_speech,religion,0.0,0.0,علماني مشاكل بلده فقر بطالة تبعية سوء الخدمات الصحية سوء منظومة التعليم علماني اخلعي الحجاب مش عارفين نتقدم
img93.jpg,only humor,no hate,1.0,,طموحاتي فلوسي
img82.jpg,only humor,no hate,1.0,,البسكوت لما يعرف إنك تعذبه تفسه شاهي حامي
img76.jpg,only humor,no hate,1.0,,وانا عامل نفسي لسه بقرا السؤال المكتوب على السبورة
img74.jpg,only humor,no hate,1.0,,عاجل منظمة الصحة العالمية توصي بفضل الماء قبل شربه
img88.jpg,only humor,no hate,1.0,,انا عامل نفسي محترم عميق وانا جازع النقطة العسكريه بالسياره خط ص
img80.jpg,only humor,no hate,1.0,,اختراع آلة الرجوع بالزمن البنات أنا هرجع أصلح غلطات كثير عملتها حياتي الولاد
img85.jpg,only humor,no hate,1.0,,مدير المدرسة طلاب الي كسل زجاج غرفة المعلمين الطلاب
img96.jpg,only humor,no hate,1.0,,لما صاحبك ييجي معاك عند الحلاق وتبنوا لبعض المرايه
img98.jpg,only humor,no hate,1.0,,لما تعوم البحر وفجأه تحس حاجه لمست رجليك
img71.jpg,only humor,no hate,1.0,,لما تفتح نور المطبخ الساعة 3 الفجر خير يبو الصحال في حاجة
img101.jpg,only humor,no hate,1.0,,امي جابت ولاعة البوتاجاز علي شكل مسدس وبعدين دخلت اعمل كوباية شاي انا شوية
img75.jpg,only humor,no hate,1.0,,بعدما يفكر بدل لتعمل طوال حياتك لولوج لتلد بضعة اطفال وتموت بكل بساطة
img87.jpg,only humor,no hate,1.0,,عايش ميت حط ايده في جيبه و ما لقى التلفون
img97.jpg,hate_speech,ddd,0.0,1.0,المستر هنا ياولاد معملش الواجب طالب متوحد
img95.jpg,only humor,no hate,1.0,,للنهوض مبكرا فوائد
img89.jpg,only humor,no hate,1.0,,السمك في عدن بعد اتلاف ثلاثة طن مخدرات في البحر
img79.jpg,only humor,no hate,1.0,,لما أعمل نفسى سرحان
img129.jpg,only humor,no hate,1.0,,سحيج بحاول يقنع الناس انه نعمة الامن والامان افضل من راتب 5000 دينار في الجيبة
img123.jpg,hate_speech,race,0.0,3.0,الاستاذ يا طلاب لا تخافوا الاسئلة سهلة الاسئلة استخرج رجلا من الصورة
img116.jpg,hate_speech,gender,0.0,4.0,وأخيرا عرفت سبب التحرش الوطن العربي وفي دول العالم لوول
img120.jpg,hate_speech,gender,0.0,4.0,التنمر على السحاقيات اصبح قانوني ماذا في وسعهم ان يفعلوا ؟  يخبروا ازواجهم ؟
img138.jpg,hate_speech,gender,0.0,4.0,جريمة تقع اين المنطق في حبس شخص بهاته الكياتة عيونه حلوة ما يستاهل العقاب يرجم حتى الموت يرمى من الشاهق
img132.jpg,hate_speech,gender,0.0,4.0,قبل تطبيق الحد بعد تطبيق الحد مثلي وافتخر مثلي و عصفور
img109.jpg,hate_speech,religion,0.0,0.0,لقد غسلوا دماغك ايها المسلم
img119.jpg,hate_speech,gender,0.0,4.0,بنت أعطاها الله حسن الخلق والخلق حالتها النفسيه
img133.jpg,hate_speech,gender,0.0,4.0,اصحابي جايين يلعبوا بلاستيشن في البيت يلعبوا بلاستيشن صح يلعبوا بلاستيشن صح
img136.jpg,hate_speech,gender,0.0,4.0,النسويين لما يتناقشوا كلام حلو حبب بس للأسف فشخت كسمك
img114.png,hate_speech,race,0.0,3.0,مره واحد زنجي حل مسألة  رياضية حلها في المسودة
img127.jpg,hate_speech,national_origin,0.0,2.0,الشعب اليمني : رحلات للمواطنين صح ؟ التحالف مطار صنعاء بيستأنف رحلاته للمواطنين صح؟ التحالف
img112.png,hate_speech,national_origin,0.0,2.0,السائق السعودي المتهور
img108.jpg,hate_speech,national_origin,0.0,2.0,خليجي لما يشوف ولده يتفرج علي كورة ومتفرجة علي سباق البديل
img135.jpg,hate_speech,national_origin,0.0,2.0,الخماري كيه يتكفل المشروب الغازي
img118.jpg,only humor,no hate,1.0,,راديو إسبانيا والد هالاند رايولا عمان الآن ويجتمعون رؤساء نادي الوحدات وبعد ذلك سيتوجهون للاجتماع الغريم نادي الفيصلي للتحدث مستقبل اللاعب
img106.jpg,only humor,no hate,1.0,,كيميتش أريد الرجوع عند أجدادي الفراعنة حيث الرقي والحضارة بدلا العيش فرعون يريده الرجوع كعبد هذا المجتمع الوهابي ليبني الهرم
img113.png,hate_speech,religion,0.0,0.0,الشيخ اذا جاءت له وحدة تطلب المساعدة
img134.jpg,hate_speech,national_origin,0.0,2.0,الخماري كيه يتكفل المشروب الفاسي
img110.jpg,hate_speech,religion,0.0,0.0,بتفرج علي فيديو علمي جميل صاحب الفيديو في اخر الفيديو فسبحان من خلق كل هذا انه بكل شيء عليم
img111.jpg,hate_speech,national_origin,0.0,2.0,مواطن اردني يهاجر هو ايضا بعدما وصل لوجهته هل تعلم اشعر انني معارض سياسي
img130.jpg,hate_speech,religion,0.0,0.0,سفينة إسبانية عايزة حدا سلامي أمان الله المجاهدين البحريين السلاويين اعطونا الفلوس بكل رجولة
img121.jpg,only offensive,no hate,2.0,,أصحاب ماركيز يتخيلوا المحيط الهادي
img115.jpg,hate_speech,national_origin,0.0,0.0,واحد هندي يكون هيموت الجوع ومفيش قدامه غير البقر هو الهي انت تعلم كيف حالي
img125.jpg,hate_speech,religion,0.0,0.0,قولوا ورايا لو صلينا من كل قلبنا كورونا مش  هتقرب مننا اديني الحقنة بسرعة ارجوك محتاج الجرعة
img117.jpg,hate_speech,religion,0.0,0.0,عندما تقسم ارض المسلمين الى مقاطعات وتصنع لهم أعلام وحدود وعوض رفضهم التقسيم تراهم يخترعون أناشيد وشعارات
img128.jpg,hate_speech,ddd,0.0,1.0,صاحبي الي قال لي اقول كرسي و تطريز بصوت عالي انا عندي لدغة في الراء
img107.jpg,hate_speech,religion,0.0,0.0,قسيس بعد ما منحه الناس صكوك الغفران
img122.jpg,hate_speech,ddd,0.0,1.0,ادونى فويه اهيب وايوح توكيلا قوي انا عندي لدغة
img140.jpg,only humor,no hate,1.0,,اكيد انا اكتر حاجه يفكر فيها يتمناها
img137.jpg,hate_speech,religion,0.0,0.0,عندما تكفر بالله  وتلحد وتتخلى عن رجولتك ثم تكتشف انك لا تجدب اهتمام احد
img126.jpg,only humor,no hate,1.0,,لما ابوك يبلغك يوم العيد قدك كبير ومابش لك عودة
img139.jpg,only humor,no hate,1.0,,واحد عارف الفرق بين البنزين و الأنسولين
img131.jpg,only humor,no hate,1.0,,القاضي ردك عالى صنع رئيس الحكومة ماكرون الرجل
img124.jpg,hate_speech,religion,0.0,0.0,عندما يصف لي علماني عربي التقدم العلمي والاقتصادي الذي سيحصل لو طبقنا العلمانية نعم وصف نبيل لكن ليس واقعي
img175.jpg,hate_speech,gender,0.0,4.0,الإبن اذا قلت أني شاد فهل ستتقبل انا : عوضنا على الله نخلف غيره
img164.jpg,hate_speech,race,0.0,3.0,عندما نجرب الطعام الإفريقي للمرة الأخرى مؤهل
img142.jpg,hate_speech,gender,0.0,4.0,النسويين لما يشوفوا بعض الشارع وكل واحد مع أمه
img150.jpg,hate_speech,gender,0.0,4.0,نرفض عيد الاضحى والمشاركة في قتل حيوان بريء نطالب بحقنا في الاجهاض وقتل روح بشر بريء
img163.jpg,hate_speech,gender,0.0,4.0,شخص ماه يجب على الهوموفوبيا أن يتقبلوا أنا
img144.jpg,hate_speech,gender,0.0,4.0,النسويين لما يشوفوا بعض الشارع وكل واحد مع أمه
img146.jpg,hate_speech,race,0.0,3.0,مازن السقف عامل حلقه ساعه ونص عن العنصرية انا مستنيه يخلص عشان اقوله بس يا خادم
img161.jpg,hate_speech,gender,0.0,4.0,هذا المغني فنان وصاحب رسالة كان السلف يسمون الرجل المغني مخنثا اسمها مثلية يا وهابي يا متترف وليس تخثنا 
img145.jpg,hate_speech,race,0.0,3.0,مازن السقف عامل حلقه ساعه ونص عن العنصرية انا مستنيه يخلص عشان اقوله بس يا خادم
img143.jpg,hate_speech,gender,0.0,4.0,النسويين لما يشوفوا بعض الشارع وكل واحد مع أمه
img171.jpg,hate_speech,national_origin,0.0,2.0,لا احد طالبان لما شافوا كرسي الحكم اييه ده ايه الحلاوة دي ؟!
img173.jpg,hate_speech,national_origin,0.0,2.0,صاحب ماركيز يتخيل طالبان
img154.jpg,only humor,no hate,1.0,,الرواتب الكهرباء والماء
img151.jpg,hate_speech,national_origin,0.0,2.0,أحد الحوثيين منتصف ليلة
img174.jpg,hate_speech,national_origin,0.0,2.0,اذا حد سألني ليش مغسل ايدك من البلد انا فيديو الخدمات فيديو الباص فيديو تاكسي العقبة مزرعة جرش فيديو الاحوال التيكتوك فيديو اللانسر
img141.jpg,hate_speech,national_origin,0.0,2.0,رئيس اليمن الدنبوع جزيرة سقطرى مأرب ميدان عدن مطار عدن
img169.jpg,hate_speech,religion,0.0,0.0,يهودي الجنة سوف تكون في الارض على يد المخلص مسيحي الحياة الدنيا عبارة عن خطيئة مسلم قال علمائنا لا ينبغي للعاقل ان يرى الا ساعيا في تحصيل حسنة لمعاده او درهم لمعاشه
img158.jpg,hate_speech,religion,0.0,0.0,وجدنا متدينين ومظاهره منهم يكن للدين أثرفي ظاهره توحي بالعكس سينتهي ل ووبعد حين
img148.jpg,hate_speech,religion,0.0,0.0,القرآن حرام الانمي والكي بوب
img172.jpg,hate_speech,race,0.0,3.0,بلاد العرب أوطاني والدين يفرقنا
img170.jpg,hate_speech,national_origin,0.0,2.0,علما تحاصرك الشرطة الأمريكية ثم تتذكر أنك أفغاني
img157.jpg,hate_speech,religion,0.0,0.0,15 كافر 16 كافر مسلم كيوت حضرتك مش معنى انه مسيحي يبقى كافر 17 كافر
img166.jpg,hate_speech,religion,0.0,0.0,لما صاحبي المسيحي يقولي ان الكنيسة عاملة مصيف اسبوع ب200 جنيه
img162.jpg,hate_speech,religion,0.0,0.0,شتما اليهود والتشكيك الهولوكوست دولة علمانية
img159.jpg,hate_speech,religion,0.0,0.0,اين يمكنني قراءة الكتب المقدسة نظرا لانعدام الكنائس في هذه البلاد المتشددة يمكنك ان تكتب واحدا بنفسك
img167.jpg,hate_speech,religion,0.0,0.0,تعدد الزوجات تعدد الأرباب
img160.jpg,hate_speech,religion,0.0,0.0,لما الموب يعمل تحديث لكتابك المقدس وبعدها تفتكر انك مسيحي
img165.jpg,hate_speech,religion,0.0,0.0,ازاي عايزني اتبع رسول امي لا يقرأ لا يكتب نبيكم نقل عن الزرادتشية والبابليين والفراعنة وحضارة الصين والهند وفلاسفة اليونان ومن الكائنات الفضائية في المجرة المجاورة
img168.jpg,hate_speech,ddd,0.0,1.0,اشاعه طالعه عن البنات القصيرين بيستحموا في الحنفية تحت الدش
img155.jpg,only humor,no hate,1.0,,العلماء الذكاء الإصطناعي ليس بذلك التطور ولن يسيطر على العالم ابدا الذكاء الاصطناعي:
img149.jpg,only humor,no hate,1.0,,انا رايح اكوي الثوب الحج راجع من صلاة العيد
img153.jpg,hate_speech,national_origin,0.0,2.0,لما تتزوج وحدة تونسية وامها تسأل وينه المعرس
img156.jpg,only humor,no hate,1.0,,لما آكون مستحمى واتخيل اني لو مت دلوقتي اهلي هيدخلوا الحمام ويشوفوني بلبوص كده
img152.jpg,only humor,no hate,1.0,,بلاعبه عصرا بهر سام الذهبي تعهد الإسلآم
img147.jpg,hate_speech,religion,0.0,0.0,ذلك الملحد الذي ينتقد ذبح الاضحية مع والده في صبيحة العيد الدين لله واللحم للجميع
img187.jpg,only humor,no hate,1.0,,انا والشباب بعد ما طلعنا من المسجد ولقينا حفاياتنا
img183.jpg,only humor,no hate,1.0,,انا بدى تفاعل على اشي بوست مقارنة بين بليستيشن وبيبسي
img194.jpg,only humor,no hate,1.0,,عمو خالد حلمت السيس يوزع تفاح وعنب الجنة
img196.jpg,only offensive,no hate,2.0,,انت ليلة الدخلة مستني الصالة
img193.jpg,hate_speech,national_origin,0.0,2.0,حملة سعودية إماراتية على جورج قرداحي بينما سكتوا على إهانات ترامب الذي قال انهم يملكون غيل النقود ولن يعمدوا اسبوعين بدون حمايتهم
img179.jpg,hate_speech,gender,0.0,4.0,النظام الاسلامي مهر نفقة واجبة الحجاب طاعة الزوج عدم السفر من غير محرم النظام الغربي لا يوجد مهر تنفقي على نفسك بنفسك الحجاب تخلف لا توجد ولاية حرية مطلقة النسويات مهر نفقة واجبة الحجاب تخلف اسقاط ولاية حرية مطلقة
img177.jpg,hate_speech,gender,0.0,4.0,تصويت تتجوز مين فيهم واحده قتلت 100 قبل كدا وتابت فيمينيست
img191.jpg,hate_speech,race,0.0,3.0,عربي مع زوجته ذات التسع سنوات
img176.jpg,hate_speech,gender,0.0,4.0,كمية فقط استطيع الرجوع لعصر الدولة الفرعونية حيث كانت النساء تتمتعن بحقوق كثيرة رجعت لعصر الفراعنة
img202.jpg,only humor,no hate,1.0,,هاني عصام خال العيال لطب الأطفال حديثي سعد نخطئ الولادة
img192.jpg,hate_speech,national_origin,0.0,2.0,جورج قرداحي يقصف الشعب اليمني بيوتهم عزائهم افراحهم
img184.jpg,hate_speech,national_origin,0.0,2.0,الشمالي وهو جازع نقطة طور الباحة
img181.jpg,only humor,no hate,1.0,,صاحب ذمار كيف يتخيل الشعب المرجانية
img186.jpg,hate_speech,national_origin,0.0,2.0,هندي
img189.jpg,hate_speech,national_origin,0.0,2.0,واحد هندي باعثلي طلب صداقة وقبلته بالغلط باقي الهند بعد ثانية
img178.jpg,hate_speech,religion,0.0,0.0,عندما لا تستطيع التوقف عن ارتكاب ذنب معين فتقوم بإستثماه قد يعمل العبد الذنب فيدخل به الجنة
img182.jpg,hate_speech,national_origin,0.0,2.0,في المسلسلات العربية الفلاح في المدينة الفلاح في القرية في الواقع الفلاح في المدينة الفلاح في القرية
img208.jpg,only humor,no hate,1.0,,احب أعلي على الفنان عبد الباسط حمودي بيقول انا عارفني بأني النهاردة دخلت امم تزن الأروقة لقيت فيها قولت انا اسفة وقفلت واكتشفت اللي جوا مرايا
img180.jpg,hate_speech,ddd,0.0,1.0,هو دا الواد اللي حكيتله عليه شوف مناخيره كبيرة وشكله عبيط ازاي
img195.jpg,hate_speech,religion,0.0,0.0,الاسلام دين السلام وسلميتنا اقوى من الرصاص
img188.jpg,hate_speech,religion,0.0,0.0,رهط لسه بقوله السلام عليكم راح مايلي
img185.jpg,hate_speech,religion,0.0,0.0,انا حكيت مشكلتي لشيخ الجامع وقلتله لا تحكي الشيخ طول الخطبة
img190.jpg,hate_speech,religion,0.0,0.0,هدر الغذاء أمريكا بقيمة مليار دولار الثلاثاء فبراير
img210.jpg,only humor,no hate,1.0,,يبني ذاكر عشان تجيب درجة في الامتحان ايه ده درجة
img205.jpg,only humor,no hate,1.0,,والله حرام  يشغلوها وهي في السن ده
img200.jpg,only humor,no hate,1.0,,هو طه واحد صحبي كان بيكر على بنت فتره ومراقبتها زمان شافها مره انها تعبانه قال لازم افتح معاها كلام واسأله مالك مواقفها وسألها قالتله انا حامل أعجبنى
img206.jpg,only humor,no hate,1.0,,المذاكرة الي ورايا انا قاعد بدور على مسلسل اتابعه
img204.jpg,only humor,no hate,1.0,,ما تزرعه في الليل تحصده في الصباح
img203.jpg,only humor,no hate,1.0,,مفيش خروج من البيت
img207.jpg,only humor,no hate,1.0,,طا لمجرد أهلي زعلانين مني وقررت اسوي لهم كيكة بالتوفي حلوة الكيكة بس ناقصها جنط
img209.jpg,only humor,no hate,1.0,,العسيل سيمبا لما تكبر حرف الالف
img199.jpg,only humor,no hate,1.0,,وانا طالعة من البيت 8 وربع وبتمنى اوصل المحاضرة على الساعة 8
img198.jpg,only humor,no hate,1.0,,عمر كمال يستبدل اشرب خمور وحشيش في حفل
img201.jpg,only humor,no hate,1.0,,لما اكون شغالة في النيابة والاقي المتهم بيعيط قدامي اوعدني انك تتغير
img197.jpg,only humor,no hate,1.0,,سوف أتجاهله اليوم بأكمله
img239.jpg,only humor,no hate,1.0,,فكره محمد رمضان استمر علب كدا سنتين ممكن بعدى ناس مولود
img244.jpg,hate_speech,gender,0.0,4.0,بتكون كاتبة على الفيسبوك انا الان في سيتي ستارز وباخذ البريك فاست في ستاربكس مع الكوكيز اللي بحبه وفي الحقيقة بتكون ماكلة صحن فول مع راسين بصل وراسين فجل مع صحن مخلل في مطعم القاعود
img245.png,hate_speech,gender,0.0,4.0,حقوق أساسية للمرأة الزلام هل هذه سيابة
img243.jpg,hate_speech,gender,0.0,4.0,بتعرفوا شو بديش اتزوج
img242.png,hate_speech,gender,0.0,4.0,زلمة أنا برأيي أنا
img238.jpg,hate_speech,gender,0.0,4.0,شكل البنت لما  تغني بإحساس
img230.jpg,hate_speech,race,0.0,3.0,عندما ترى زوجتك الصينية تشاهد ناشونال جيوغرافيك و فيها كتآب وصفات المطبخ و تطلب منك تحضرها قلم
img218.jpg,hate_speech,gender,0.0,4.0,ما عندي اي مشكلة احط 20 الف على مكياج والله اذا وجهك زق لهالدرجة اشتري لك نقاب ربال اوفر لك
img219.jpg,hate_speech,national_origin,0.0,2.0,المماليك بعد كلوا ومستنيين الحاجة السقعة
img231.png,hate_speech,national_origin,0.0,2.0,عندما يشتمون بكلمة ليبي متخلف
img240.jpg,hate_speech,national_origin,0.0,2.0,وأخيرا السعودية تسمح للنساء بقيادة السيارة
img233.jpg,hate_speech,national_origin,0.0,2.0,عندما تخرج من مهبل أمك وتكتشف انك اردني
img234.jpg,hate_speech,national_origin,0.0,2.0,عندما يذهب جزائري لعين إلى تونس
img241.jpg,hate_speech,religion,0.0,0.0,جو جميل ومعتدل صلاة الإستسقاء
img225.jpg,only humor,no hate,1.0,,يسمح بالتدخين كل الايام ما عدا اليوم
img237.jpg,hate_speech,religion,0.0,0.0,عندما تقنين حياتك الإلتزام الطاعات تدخلين الجنة بما أتيتي العمل الصالح لتكتشفي الجنة لها أكثر درجة
img216.jpg,only humor,no hate,1.0,,احلى حاجة بابا حلف على خطيبي يبات في اوضتي عشان الدنيا بتمطر
img227.jpg,hate_speech,ddd,0.0,1.0,ستيفن هاوكين كان يساند الرابعة العدوية طول حياته من غير ان ينتبهله حد الماسونية لا تتحرك
img220.jpg,only humor,no hate,1.0,,يعني ايه هتاخذ ديكور الشقة لوحدك؟ مش انا الي اخترتك؟
img221.jpg,only humor,no hate,1.0,,معايا واحد صاحبي في الصورة
img214.jpg,only humor,no hate,1.0,,بقول لصاحبي فرح اختي ومش عازم غيركو ومش عايزين كل الناس كلها تعرف صاحبي :
img223.jpg,only humor,no hate,1.0,,وانا قاعدة مفموصة بعد ما دورت على جوجل وما لقيتش طريقة انجح بيها من غير ما اتعب
img228.jpg,hate_speech,religion,0.0,0.0,ملحد توقف عن فرض ارائك وافكارك علي
img236.jpg,only humor,no hate,1.0,,لما اللابتوب يطفي فجاه وانت بتتفرج على فيلم رومانسي فتشوف نفسك الشاشة
img229.jpg,only humor,no hate,1.0,,كارتون نيتورك
img232.jpg,hate_speech,national_origin,0.0,2.0,عندما تكون مغربي حقير وتقول لك فتاة ارسل لي قبلة
img224.jpg,only humor,no hate,1.0,,مالك يا حج بتعيط ليه ادعيله بالرحمة تخيل محدش جيه جنازتي
img211.jpg,only humor,no hate,1.0,,شوربة عدس
img235.jpg,hate_speech,ddd,0.0,1.0,سأخبر الله بكل شي
img222.jpg,only humor,no hate,1.0,,الشريف فواز خويي قبل شوي زعل وطردني لاني جيت بسروال السباحة
img226.jpg,only humor,no hate,1.0,,مساعد سليمان الله يرحمه ضحى بنفسه وصار كفتة عشان عياله ما يموتون
img212.jpg,only humor,no hate,1.0,,مراية المحل مراية البيت
img215.jpg,only humor,no hate,1.0,,الخزينة رجال سيدات
img217.jpg,only humor,no hate,1.0,,السلام عليكم باسين الشيطان لولا يوسوس لواحد امريكي يوسوس ب
img213.jpg,only humor,no hate,1.0,,عزيزتي انتي الوحيدة عزيزة 1 عزيزة 2 عزيزة 3 عزيزة 4
img250.jpg,only offensive,no hate,2.0,,أتقول رأيي لا يهم فقط لأنني أشاهد الأنمي
img246.jpg,only humor,no hate,1.0,,كلي البنات أنا ماشي
img270.jpg,hate_speech,gender,0.0,4.0,المجتمع : أكيد اتعدى عليها عشان كانت لابسة قصير وأغرته أنا:
img259.jpg,hate_speech,gender,0.0,4.0,موظف طوارئ أهلا شو الحالة الطارئة عندك مرأة بحياتك ساعدني في شباب اقتحموا البيت عندي الموظف بس عفكرة مش كل الزلام هيك أنا شخصيا مكنتش بسوي هيك إشي
img272.jpg,only humor,no hate,1.0,,أنا عاملة حالي مشغولة مماثلة شباب تمرق بالشارع
img268.png,hate_speech,gender,0.0,4.0,الناس الي بتفكر انه النسوية هي كره للرجال
img275.png,hate_speech,gender,0.0,4.0,شوفو لبسه قديش قصير شوفوني بطلعو  لحالهن بالليل شوفوني بضحكوا بصوت عالي
img274.png,hate_speech,gender,0.0,4.0,لائحة فوائد الذكورية للمجتمع
img276.png,hate_speech,gender,0.0,4.0,ميمز نسوية خربتوا الدنيا ارجعوا عيدوا من اول
img266.jpg,hate_speech,gender,0.0,4.0,اقعدي منيح زي الصبايا المحترمات أنا
img258.jpg,only humor,no hate,1.0,,لما استوعبت إني مجاورة أبي الأولوية
img248.png,hate_speech,gender,0.0,4.0,لكل شاب حاسس مهاجم إسا... اقعد وسكر رجليك
img278.png,hate_speech,gender,0.0,4.0,تصرخش زي الزلام هاد خامس بطن حلك تتعود
img247.png,only offensive,no hate,2.0,,بدي معلمة عشان تكون بالبيت وقت ترويحة الاولاد
img279.png,hate_speech,gender,0.0,4.0,هاد اللي بصير لما تلبسي زي السايبات وهاد الي بصير لما تلبس زي لعيب البيسبول
img271.jpg,hate_speech,gender,0.0,4.0,انت فاهمة انه بس قلتي عن حالك نسوية قللتي احتمال الشباب ييجو يحكوا معك لتقريبا 0
img267.png,hate_speech,gender,0.0,4.0,انت شو بيفهمك انا بقلك كيف خلص انا بنقذ حالي
img273.jpg,hate_speech,gender,0.0,4.0,بتنقل على خلفية شرف عائلة المجتمع ابصر شو عاملة انا
img249.png,hate_speech,religion,0.0,0.0,وينتا بدنا نجوزك ونفرح فيك حل عن ربي
img265.jpg,hate_speech,gender,0.0,4.0,ما تحتاجه النساء واخيرا حد راح يحكي عن حقوق المرأة غسالات سونووكو
img262.png,hate_speech,gender,0.0,4.0,كلمة عند الدكتور الكلمة مرتي اللي جابت اولاد ممنوع تصوت تطلع البيت ومرات بضربها اذا تضيق خلاقي بفضلها تبكي الدكتور واضح إنها مجنونة
img264.png,only humor,no hate,1.0,,لما حد بفكر انه بوجهلي اهانة اذا قال عني نسوية
img252.jpg,hate_speech,gender,0.0,4.0,انا زلمة متعصب وهدول ايدي المتعصبنات
img254.png,hate_speech,gender,0.0,4.0,مش حلو لما البنت مش حلو لما البنت
img277.png,hate_speech,gender,0.0,4.0,زبطي بلوزتك ظهرك مبين بالمقابل
img263.jpg,hate_speech,gender,0.0,4.0,اذا بقتلها فش حاجة تهكل هم حدا يراسلها على التليفون
img261.jpg,hate_speech,gender,0.0,4.0,سؤال اليوم هل كرة القدم الرجالية تستاهل المشاهدة مثل كرة القدم العادية
img257.png,hate_speech,gender,0.0,4.0,تريندات الشباب بحبوهاش بالبنات واحدة مخطوبة صابغة شعرها اشقر واحدة بتضحك مع اولاد صفها واحدة حاطة حومرة حمراء تريندات البنات بحبوهاش بالشباب تنقتل لأنها طلعت لحالها بالليل 
img269.jpg,hate_speech,gender,0.0,4.0,منطق العالم الذكوري مين ماسكك المسافة نفسها
img255.jpg,hate_speech,gender,0.0,4.0,معقول تكون هون كوكب الأرض هل يا ترى رح نلاقي حياة ذكية بهاي المجرة معقول تكون هذا الزلمة النسوان بعرفوش يسوقوا والبحث بعده مستمر
img251.jpg,hate_speech,gender,0.0,4.0,الشب بحب البنت اللي
img260.png,hate_speech,gender,0.0,4.0,انت غير عن باقي البنات الي عرفتهن قبلك ومال باقي البنات؟
img253.jpg,hate_speech,gender,0.0,4.0,الكل يوقف اسا اسا ايش عم بسوي؟ اجا الزلمة يحكيلنا رأيه
img280.png,hate_speech,gender,0.0,4.0,واحد يناضل لحقوق الرجال ويحصل على حقوقه
img256.jpg,hate_speech,gender,0.0,4.0,انشالله اسا صورتي عووووو اه اوكي باي باي مع السلامة اعوذ بالله عويت ناحية البدر غير اني بحترم حق النساء بالتواجد بالحيز العام دون تحرشات
img300.jpg,hate_speech,gender,0.0,4.0,بس مش كل الزلام زلام -كل الزلام
img294.jpg,only offensive,no hate,2.0,,سر النجاح لبعض الناس
img313.png,hate_speech,gender,0.0,4.0,هسا هذا هو سبب الفرق بمعشاتنا؟
img309.jpg,hate_speech,gender,0.0,4.0,قول ورايا قبلت نكدها وطول لسانها
img288.png,hate_speech,gender,0.0,4.0,جبت أنا لأحلى مرا بالعالم كيلو لحمة وياسين بصل عشان تعليلها أطيب ثراء
img304.jpg,hate_speech,gender,0.0,4.0,شاب ولادي شواي البنت شيخة يلعن حياتي أنا عما بتعرف انه عمرها الشاب وشو يعني العمر مجرد رقم أنا بتعرف ايش كمان رقم
img303.jpg,hate_speech,gender,0.0,4.0,لما زلمة يحكيلي بهاد البيت كلمتي بس الي بتمشي
img301.jpg,hate_speech,gender,0.0,4.0,لأمن ضايقتني إنت ببساطة ذكور ذكوري
img295.png,hate_speech,gender,0.0,4.0,إبن عمك أولى فيكي
img310.png,hate_speech,gender,0.0,4.0,دانا قرأت وتعمقت كتير في النسوية وبرضو مقتنعتش فيها
img287.jpg,only humor,no hate,1.0,,بنت في العشرينيات عماتي الي بضلوا يسألوا وينتا بدي اتجوز
img312.png,hate_speech,gender,0.0,4.0,فقرة منطق أعوج اختي لازم تلبس بشكل محترم وممنوع تحكي مع شباب الحبيبة بحب تكون منفتحة وشايفة الدنيا
img286.jpg,hate_speech,gender,0.0,4.0,عين الانسان بتقدر تتوسع لحد حجمها الأصلي لما بتشوف اشي بتحبه انا زلمة وبعترف بامتيازاتي كرجل
img297.jpg,hate_speech,gender,0.0,4.0,نجحت بنضالي النسوي إني أفوت نساء على وحدة الطيران بالجيش نقدر نصف زينا السلام
img315.jpg,hate_speech,gender,0.0,4.0,وضع صبري لما ذكوري يفتح ثمه
img285.png,hate_speech,gender,0.0,4.0,الشب اللي بفكر انه مركز الكرة الارضية
img284.png,only humor,no hate,1.0,,ليش بتضحكيش مش لايق عالبنت الكشرة انا:
img282.png,hate_speech,gender,0.0,4.0,ملابس المرأة تحكي تربية ابيها وغيرة اخيها ورجولة زوجها
img293.jpg,hate_speech,gender,0.0,4.0,سمعة المرأة مثل المراية اذا بتنكسر ما بترجع زي ما كانت
img302.jpg,hate_speech,gender,0.0,4.0,وأخيرا صدد الجزء الاول كتاب كيف ترضي زوجتك
img299.png,hate_speech,gender,0.0,4.0,أنا بجهة حالي أروح أشوف حبيبي بعد ما كتبت يما كل الزلام زبالة على الفيسبوك قبل دقيقتين
img307.png,hate_speech,gender,0.0,4.0,أنا مع حرية المرأة بس بحدود
img296.jpg,hate_speech,gender,0.0,4.0,لما ذكوري بشوف نسوية تحكي عن نسويتها
img298.png,hate_speech,gender,0.0,4.0,كيف الزلام بفكروا احترام النساء بكون المرات الي احترمت فيهم النساء
img289.png,hate_speech,gender,0.0,4.0,اموت واشوف فاتحيتلي هالاجرين شوو بعمل الحلو هون لحاله ولا يهمك
img308.png,hate_speech,gender,0.0,4.0,حدا حط تعليق ذكوري على صفحة نسوية وبستنى فيهن يعطوه اعتبار
img283.png,hate_speech,gender,0.0,4.0,لبسها السبب لازم تلبس اشي ما يستدعي التحرش
img305.jpg,hate_speech,gender,0.0,4.0,وبعدها قاللى المرأة معززة شو صاير عليها
img292.png,hate_speech,gender,0.0,4.0,أنا بسمح لاختي تصاحب ياااااه بس هسا صار ينفع احب واحس شكرا يا ابو شخة
img311.png,hate_speech,gender,0.0,4.0,الله يستر عليكي حبيبتي ليش انا عريانة
img306.jpg,hate_speech,gender,0.0,4.0,بس محنا جايين نحررك من القمع الي عايشيته
img314.png,hate_speech,gender,0.0,4.0,اصحى يا رجل شو بدك نسيت تسترجل اليوم لاااا
img291.jpg,hate_speech,gender,0.0,4.0,حبيبتي بغار عليكي وبفضل ما تروحيش على السينما مع رفقاتك ما عندي ثقة بحالي فعشان هيك بحبسك بالبيت عشان احس برجولتي
img281.jpg,hate_speech,gender,0.0,4.0,بغار عليك عشان هيك بدي تبطلي تحكي مع الشباب وتمحيهم كلهم من الفيسبوك
img290.png,hate_speech,gender,0.0,4.0,لا يا زلمة ما رفضتنيش هاي اكيد ليزبيان
img329.jpg,hate_speech,national_origin,0.0,2.0,انها طيور لكن لا تطير سبحان الله
img325.jpg,hate_speech,religion,0.0,0.0,هذا الشاب يوضح لكم خطورة الزواج انظروا ماذا حل به والعياذ بالله
img330.jpg,only offensive,no hate,2.0,,والدي : احضر بعض الفواكه للاستاذ انا :
img337.png,hate_speech,gender,0.0,4.0,لما يشوفوا بنت بلدهن بالجامعة نحن نراقب كل تحركاتك
img349.jpg,hate_speech,gender,0.0,4.0,أنت غير مرتبط لأنك شاذ
img345.jpg,only offensive,no hate,2.0,,لما أحاول أقنع صاحبي العنيد بموضوع معين
img323.jpg,hate_speech,gender,0.0,4.0,شاب البنات ولا مرة رح يعرفوا قديش صعب الواحد يكون بمنطقة الصداقة انا:
img341.png,hate_speech,gender,0.0,4.0,بتفكر انه الواحد لازم يضل يجيب ولاد لحد ما يجيه  صبي يحمل اسمه تبقى حمار
img320.png,hate_speech,gender,0.0,4.0,شباب راكضين يحكوا لبنت كيف تصف السيارة الحوظة البنت لم تطلب خبير صف سيارات
img332.png,hate_speech,gender,0.0,4.0,أنا أختي الصغيرة تطلع نسوية
img318.jpg,hate_speech,gender,0.0,4.0,أكم زلمة نحتاج عشان نغير لمبة مش كل الزلام
img340.jpg,hate_speech,gender,0.0,4.0,البنت لما تروح على عرس وتنام بمكياجها
img322.png,hate_speech,gender,0.0,4.0,لما زلمة يكون متورط وبرضو بقبلش مساعدة من حدا منعا لخدش رجولته ولا يهمك انا مسيطر عالوضع
img350.png,hate_speech,gender,0.0,4.0,سواقة الشباب اذا بنت سبقتهن
img324.png,hate_speech,gender,0.0,4.0,لما يختاروا زلمة بدون كفائة يكون مدير بس لكونه ذكر
img317.jpg,hate_speech,gender,0.0,4.0,هون كنت بعرض الأسباب المقنعة لأفضلية الرجل المرأة لو اني لقيت
img327.jpg,hate_speech,gender,0.0,4.0,لن يفلح قوم ولوا امرهم لأمراة فلاحة العالم الذكوري 
img326.png,hate_speech,gender,0.0,4.0,بتسمعه بقولوا بالشارع البنات بعرفش يسوقوا منيح
img319.png,hate_speech,gender,0.0,4.0,بدي اياها صغيرة عشان اربيها على إيدي
img321.png,hate_speech,gender,0.0,4.0,لما كل الحارة تحكي لامي كيف بتخلي بنتك تطلع بساعات متأخرة من البيت أنا لما أعرف طلبت رأيك طيب رأيك مين طلب رأيكم
img316.jpg,hate_speech,gender,0.0,4.0,لازم نتعلم من سكان الأرض اشي يفيدنا الصناعة الزراعة النظام الذكوري
img347.png,hate_speech,gender,0.0,4.0,بعد حالة قتل لامرأة لو بدون يتظاهروا انا مهني ماخذات حقوقهن وزيادة
img348.jpg,hate_speech,race,0.0,3.0,كريم إزالة الرؤوس السوداء
img346.jpg,hate_speech,race,0.0,3.0,العرب زواج الاقارب شيء عادي ولا خطر فيه على الابناء أبناؤهم 
img336.jpg,hate_speech,national_origin,0.0,2.0,علما تنضم للجيش لعراقي للعظيم أول شهد بالجيش وقبل وصول لكاتب يجد نفسك ترشحي الملابس البرتقالية
img333.jpg,hate_speech,national_origin,0.0,2.0,بعدما تعود جيدان الجزائريين ويحين وقت الطعام فتجد صورة بوتفليقة على الكرسي الثي ترغب لجلوس فيه فتقوم اخدها ضعه قلى لالة وتجلس مكانه الالام اقا جيرانك النائبين تشطن
img335.jpg,hate_speech,gender,0.0,4.0,لم يقص شعره كاملا لم يترك شعره ينمو انه شاذ
img344.jpg,hate_speech,religion,0.0,0.0,شاهد أمة يعبدون الله وحده لا شريك له
img342.jpg,hate_speech,religion,0.0,0.0,عندما تكون مسلما وتريد الانتحار لكنه حرام الله اكبر
img343.jpg,hate_speech,religion,0.0,0.0,عندما تكون يهودي وتعيش في القاهرة وتكتشف ان عيد 6 اكتوبر يوم السبت 
img334.jpg,only humor,no hate,1.0,,عندما تنتهي من اكل الفاصوليا ثم تذهب لصلاة لجمعة
img328.jpg,only humor,no hate,1.0,,ذلك الشيء يخيفني
img331.jpg,only humor,no hate,1.0,,أين هو القناص انا لا اراه
img339.jpg,only offensive,no hate,2.0,,قبل 2000 سنة اليوم
img338.jpg,only humor,no hate,1.0,,بعدما اسمع والدي أخد هاتفي لكنه مقفل بكلمة يعود ولكنه قام بفتح لهاتف وأخذ بطاقة الدائرة الخارجية لالالالالا ع
img352.jpg,only humor,no hate,1.0,,عندما تقرأ سورة المنافقون ويدخل صديقك الغرفة
img356.jpg,only humor,no hate,1.0,,عندما يعجز والدك عن اصلاح شيء قم بالاضاءة جيدا
img380.jpg,only humor,no hate,1.0,,الخاص مع بنت
img357.png,only humor,no hate,1.0,,الشب لما يكتشف انه اذا ابتسمتي قباله هذا لا يعني انك واقعة في غرامه
img384.jpg,hate_speech,gender,0.0,4.0,لما الاستاذ يقول الي يزين دفتره بجيب درجات وتلاقي صاحبك عامل لاصق فراشات ورود
img365.png,hate_speech,gender,0.0,4.0,الناس تكتب امور سلبية عن البنت اللي انقتلت أنا
img379.png,hate_speech,gender,0.0,4.0,الشب لما  البنت ترفض ترتبط معه حبيبتي تعبد المال وانا لا املك ربها
img354.jpg,hate_speech,religion,0.0,0.0,تكفين ابي اكون كلبك المطيع وخدامك هوهوهوهو واين النقاب والحجاب والعفة يا قحبة
img358.jpg,hate_speech,gender,0.0,4.0,المجتمع الشرقي المرأة فيمينست
img370.jpg,hate_speech,race,0.0,3.0,تاريخ العرب بول بعير
img375.jpg,hate_speech,national_origin,0.0,2.0,عندما تسافر لمدينة الرياض بالمملكة العربية السعوديه واثناء صعودك احدى الحافلات تصطدم يدك بمؤخرة رجل ثم ينظر لك مبتسما
img360.jpg,hate_speech,gender,0.0,4.0,كثرها تقبلك عمالة الصحون عمل مجيئك
img374.jpg,hate_speech,race,0.0,3.0,مناصرة إخوتهم المسلمين بباقي دول العالم عمل الفاسدين ادراة بلادهم منع التدخل الاجنبي بشؤون البلاد العرب بول بعير
img369.jpg,hate_speech,race,0.0,3.0,عندما تشعر بالوحدة ثم تشتري آسيويين من الشبكة العميقة
img383.jpg,hate_speech,national_origin,0.0,2.0,يمنيين مقاومة الجوع والحرب كوليرا
img385.jpg,hate_speech,national_origin,0.0,2.0,بنت مغطاة ساسها لراسها ولاعبان منها جامعة بالشارع الشعب اليمني
img378.jpg,hate_speech,national_origin,0.0,2.0,المصريين بس حد يقول لهم محمد صلاح مش فخر العرب طعمية
img372.jpg,hate_speech,national_origin,0.0,2.0,الآثار العراقية الآثار المصرية الاثار السورية الاثار السعودية
img371.jpg,hate_speech,national_origin,0.0,2.0,انجازات الدوله التركيه بعد سقوط الخلافة الاسلامية
img351.jpg,hate_speech,national_origin,0.0,2.0,عندما يذوب جليد القطب الشمالي وتحدث فيضانات سفينة كبيرة لتنقذ الحياة كوكب الأرض تريد أنت فتبقى عليها نوع ذكر تصل كوريا الجنوبية تسطع معه
img376.jpg,only offensive,no hate,2.0,,اهوال اخر الزمن الشهوات اغوائات المسلم الان
img382.jpg,hate_speech,religion,0.0,0.0,عندما تكون مسيحي عبد يسوع عيسى عليه سلام وعندما ياتي اليوم الموعود ينزل من السماء فتراه متجها نحوك هو و المسلمين لكي يقتلوك
img364.jpg,hate_speech,national_origin,0.0,2.0,جزائري نائم ثم تذكر انه لم يعلق على اليوتيوب
img362.jpg,hate_speech,national_origin,0.0,2.0,خليجي ينفجر غضبا بعد ان تذكر انه ليس لديه قناة يوتيوب
img361.jpg,hate_speech,national_origin,0.0,2.0,خليجي ينفجر غضبا بعد ان تذكر انه ليس لديه قناة يوتيوب
img359.jpg,hate_speech,national_origin,0.0,2.0,عندما تجد خليجي لا يقول لك سوي سبسكرايب و لا يملك قناة على اليوتيوب هذا الشخص هنا يحاول خرق قوانين الفيزياء
img353.jpg,hate_speech,religion,0.0,0.0,لما تكون ملحد جديد وتكون قاعدمع  ملحدين لكلام تهول ديني الملحدين
img381.jpg,hate_speech,religion,0.0,0.0,انا اسمع اغاني روك او ميتال زنوج مؤمنين بنظرية المؤامرة هل انت ملحد عبدة الشياطين
img366.jpg,only humor,no hate,1.0,,لما تخلص الشتوية وتكتشف انك اكتسبت اشي جديد خلالها
img355.jpg,only humor,no hate,1.0,,شخص تافه وفاشل
img377.jpg,hate_speech,national_origin,0.0,2.0,ثورات الربيع العربي دول الخليج
img373.jpg,hate_speech,religion,0.0,0.0,الاسلام دين عنصري رجعي يحض على الكراهية الاسلام يهدي للاستقامه بحياة الانسان والبعد عن سوء و مفاسد الدنيا 
img367.jpg,hate_speech,ddd,0.0,1.0,بتتريق على المكفوفين مش هيشوفوا البوست
img363.jpg,hate_speech,religion,0.0,0.0,عندما تقوم بتغيير بعض الايات في امتحان التربية الاسلامية حتى لا يشك الاستاذ بانك غششت من صديقك
img368.jpg,hate_speech,religion,0.0,0.0,الصورة النى ابكت الملاين القارة الاوروبية تسجد الصورة هذه اسلم بسببها مجوسي ومسيحي وشوية ديانات اخرى دخلت الاسلام لا تخرج دون ان تقول سبحان الله
img412.jpg,only humor,no hate,1.0,,لما تعرف الجدالى بصفتكم يفطر ويعيش المصلين لحم مغربيان
img392.jpg,only offensive,no hate,2.0,,لما يقول أنه البلاد تتصلح وتتطور آراء
img399.jpg,only humor,no hate,1.0,,يوتيوب ابن يحمل والدته امريكا الى الصين بالاقدام صيانة معها مبرر ريديمز
img418.jpg,hate_speech,gender,0.0,4.0,لما تقول لواحد مطوع ليش متزوج اربعة: واحدة ما تكفينيش
img398.jpg,only offensive,no hate,2.0,,اميرة ابوها
img390.jpg,hate_speech,gender,0.0,4.0,لما الاستاذ يقلهم ارسموا حاجة وتروح ترسم قوس قزح
img406.jpg,only offensive,no hate,2.0,,رمضان قرب جهال الحارة
img402.jpg,hate_speech,national_origin,0.0,2.0,اقسم بالله وراس امي وراس ابي وراس عيالي
img404.jpg,hate_speech,national_origin,0.0,2.0,لما تلعب ببجي وانت باليمن تسمع صوت طلقات وما تدريش من فين الصوت واجي بالضبط
img395.jpg,hate_speech,national_origin,0.0,2.0,لما تعرف انك بتخلف جاهل يمني وبيطلع نوري يدمر حياة الناس
img419.jpg,hate_speech,national_origin,0.0,2.0,لا أحد المجتمع اليمني ثقافة وحضارة ما يلزموناش يأما تخلف يأما بلاش
img403.jpg,hate_speech,national_origin,0.0,2.0,لا احد بعض اليمنيين بلعبوا بلياردو
img410.jpg,hate_speech,national_origin,0.0,2.0,الشعب اليمني رمضان هدا لازم أبطل القات المغرب
img400.jpg,hate_speech,national_origin,0.0,2.0,اصلاحي مؤتمري حوثي سلفي المهدي المنتظر اصحاب صنعاء
img409.jpg,hate_speech,national_origin,0.0,2.0,لما تناقش حوثي وتسكته احنا في عدوان
img397.jpg,hate_speech,national_origin,0.0,2.0,لما تكون عدني او حضرمي ويجمع عليك اليوم بدون متشرب قلص شاهي اديني الحقنة بسرعة ارجوك محتاج الجرعة
img386.jpg,hate_speech,national_origin,0.0,2.0,لما ألبس حزام الامان السيارة اصحابي والشعب اليمني
img401.jpg,hate_speech,national_origin,0.0,2.0,شخص مصري ساقوم بفتح قناة تعليم الإنجليزية على اليوتيوب بعد دقائق كورس القواعد المضارع التام ما علاقة محمد صلاح بالمضارع التام
img396.jpg,hate_speech,national_origin,0.0,2.0,أمراض لم تعد موجودة بالعالم شعب اليمن السعيد يرمي القمامة بالشارع
img420.jpg,hate_speech,national_origin,0.0,2.0,ابو حنظلة كلمات غير مفهومة لحن سيء الشعب اليمني اللعنة هذا عميق
img415.jpg,hate_speech,national_origin,0.0,2.0,مسلسلات يمنية يفتحوها اهلي وقت الفطور انا صيانة نفح يمر حرمان مميز
img416.jpg,hate_speech,religion,0.0,0.0,ويد تجويد
img417.jpg,hate_speech,national_origin,0.0,2.0,سعودي لم يفعلوا زر الجرس في قناته
img389.jpg,only offensive,no hate,2.0,,مطبلين الانتقالي مطلبين الشرعية انا
img407.jpg,only offensive,no hate,2.0,,الشاعر محمد محماس يفوز بلقب شاعر الجامعة المتطرفين
img413.jpg,hate_speech,religion,0.0,0.0,مراهق لايزال امامي الوقت لكي اتوب لله واتوقف عن المعاصي ابدأ الصلاة سكرات الموت
img414.jpg,hate_speech,religion,0.0,0.0,تبدأ تنام بدري وتصحى بدري وتفكر وتشرب قلاص شاي وتقرأ الأخبار ونظام حياتك يبدا بالتحسن رمضان انا على وشك ان انهي مهنة هذا الرجل كليا
img405.jpg,hate_speech,religion,0.0,0.0,عندما يطلب منك جيرانك المشاركة في دفع المال لتزيين الشارع في رمضان
img391.jpg,hate_speech,religion,0.0,0.0,لما الشيطان يوسوس برمضان تسيب الصلاة وتلعب بجوارك فيجي صاحبك ينصحك وتقوم تسبه بالدين لا اله الا الله
img394.jpg,only humor,no hate,1.0,,الاستاذ درس اليوم الجهاز التناسلي للمرأة طلاب الثانوية صيانة مميز
img411.jpg,hate_speech,religion,0.0,0.0,بعض أئمة المساجد لما يصلي بالناس التراويح والمكيفات شغالة اول ما تقطع الكهربا ويبدا الكهر يطلع
img387.jpg,hate_speech,religion,0.0,0.0,لما تجزع قدامي بنت حلوة وما اتفرجله اسد السنة والجماعة هذا من فضل ربي
img393.jpg,hate_speech,gender,0.0,4.0,لما امك تقول اخترتلك عروس لما تشوفها ليلة الدخلة
img408.jpg,hate_speech,religion,0.0,0.0,عندما تجد احدهم شيوعي ومسلم بنفس الوقت
img388.jpg,only humor,no hate,1.0,,لما تحط راسك عند صاحبك الحلاق ويشوف الحلاقه السابقه كانت مش حقه
img430.jpg,hate_speech,ddd,0.0,1.0,الإمام غير المغضوب عليهم ولا الضالين طقل متوحد اميييييين
img433.jpg,only humor,no hate,1.0,,غدا أول أيام عيدالفطر الأمهات يفتح تكبيرة العيد
img439.jpg,hate_speech,gender,0.0,4.0,لا أحد البنات صاحبات الحجاب الطويل العجيب صيانة صغحة م مميز
img426.jpg,hate_speech,gender,0.0,4.0,احد الفتيات المسلمات بعد الإفطار
img434.jpg,hate_speech,gender,0.0,4.0,امرأة مخلوق عاطفي عشان هيك ما بتقدر تعمل قرارات منطقية الوضع بعد كل لعبة كرة قدم تقريبا
img432.png,only humor,no hate,1.0,,أنا بشرح لامي إنه برضه ابنها قادر على إنه يحط صحن فواكه يسوي قهوة إمي 
img427.jpg,hate_speech,national_origin,0.0,2.0,في ماليزيا سقوط طائرة متوسطة الحجم قرب نهر كبير ولا توجد خسائر بشرية عند العرب طائرة تشرب من الماء لا تخرج قبل ان تقول سبحان الله
img438.jpg,hate_speech,gender,0.0,4.0,لما تشاهد من بعي تغرق في البحر فتنقذها بالتنفس الاصطناعي لكن بعد ذلك تكتشف الذي انقذته متحول جنسي
img441.jpg,hate_speech,national_origin,0.0,2.0,الدنمارك تحتل المرتبة الثالثة السعادة عالميا الدنمارك تحتل المرتبة الخامسة في استخدام ادوية المضادة للاكتئاب
img452.jpg,hate_speech,national_origin,0.0,2.0,من هو الشعب اليمني أنا جماعة كاملة من الحمقى المطيعين
img451.jpg,hate_speech,national_origin,0.0,2.0,لا أحد مادامت السعوديه بأمان وديننا بأمان هناك ستضحي بنفسها بكل سرور الدول العربي السعودية اخبار ما تهمكش افتتاح اول ديسكو حلال في جدة
img436.jpg,hate_speech,national_origin,0.0,2.0,أصحاب صنعاء لما تسحروا اليوم
img443.jpg,hate_speech,religion,0.0,0.0,صورة مسربة الديسكو الحلال السعودية
img422.jpg,hate_speech,national_origin,0.0,2.0,شكل الإصلاحي لما التحالف يجبره يسب السلطان أردوغان الشيخة موزة
img423.jpg,hate_speech,national_origin,0.0,2.0,أمطار السيد والبركة على عدن أهل عدن الي آخر مره شافوا فيها المطر قبل الهجرة صيانة مميز منحة مبرر بسيط
img428.jpg,hate_speech,national_origin,0.0,2.0,لما تتخرج في اليمن وتستلم الشهادة صيانة مميز اليمن
img446.jpg,hate_speech,national_origin,0.0,2.0,لا احد طفل يمني القارعة ما القارعة جدتي مصارعة
img431.jpg,only humor,no hate,1.0,,بعدما ينتهي رمضان بعد تعب وارهاق جسم وارق النوم تأتي للخلود الى نوم عميق تسمع والداك يقول اذهبوا لإيقاظه لصلاة العيد
img448.jpg,hate_speech,religion,0.0,0.0,مباشرا ديسكو الحلال
img444.jpg,hate_speech,religion,0.0,0.0,لما أجنبي يدخل الديسكو الإ سلامي السعوديه ويطلب الكحول يكتشف انه عبارة ماء مثلج بنكهة يتعصب ويبدأ يعمل ضجة احد الناصحين يقله يهدأ لإنه هذا ديسكو إسلامي والكحول حرام صيانة مميز صفحة م
img453.jpg,hate_speech,religion,0.0,0.0,أمام المسجد اللي متزوج اربع ومطلق وحده ويخطب يوم الحور العين بين محنة الدين ومحنة الدنيا
img425.jpg,hate_speech,religion,0.0,0.0,الإمام صلاة الوتر أثابكم الله الجهال الجالسين من اول صلاة التراويح
img454.jpg,hate_speech,ddd,0.0,1.0,لما اشوف الدغ امر امير الامراء بحفر حفرة في الصحراء
img449.jpg,only offensive,no hate,2.0,,محد اقسم بالله محد محمد زايد
img445.jpg,hate_speech,religion,0.0,0.0,عندما تدخل الى الديسكو وترى عاهرة مؤخرة كبيرة ولا تضطر لغض البصر لانه حلال
img442.jpg,hate_speech,ddd,0.0,1.0,لما تروح تتمرن صالة رياضية بعد إنقطاع دام سنوات وتصحى ثاني يوم
img447.jpg,hate_speech,religion,0.0,0.0,عندما تسمع كاحل زوجتك كشف لمدة ثانيتين عار
img424.jpg,hate_speech,ddd,0.0,1.0,انا اقول لجدتي اسمي وابن من انا جدتي بعد ثواني لم اقابل هذا الرجل من قبل في حياتي قط
img455.jpg,hate_speech,religion,0.0,0.0,حين تريد أن تظهر للغرب الاسلام دين رحمة تسامح لكنك تموت في تفجير انتحاري قام به مسلمون
img429.jpg,hate_speech,gender,0.0,4.0,انا الفتاة الاكثر قبحا في المدرسة
img421.jpg,hate_speech,religion,0.0,0.0,لما تدخل الحمام دون ماتقول اللهم اني أعوذ الخبث الخبائث
img435.jpg,hate_speech,religion,0.0,0.0,عندما ترسل ابنك للمدرسة مع الحقيبة الخطأ
img440.jpg,only humor,no hate,1.0,,عندما كنت أذاكر كنت تشاهد الأفلام الجنسية الآن اسال جوني ميا لعلهما يساعدانك
img437.jpg,only humor,no hate,1.0,,عندما قطرعلى بالك فكرة فتقرر تحويل هاته الفكرة إلى ميم لكنك تجدها سخيفة بينما تتصفح فايسبوك تجديد الصفحات قامت بنشر ميم يحتوي علي نفس الفكرة التي ظننت أنها سخيفة وقد حصد ذلك المي تفاعل كبير انت
img450.jpg,only humor,no hate,1.0,,عندما تقوم بتوديع أصدقاءك قبل اجتياز امتحان الباكالوريا ثم تكتشف انك رسبت كذلك اصدقاؤك سوف تلتقون في السنة الدراسية القادمة
img463.jpg,hate_speech,gender,0.0,4.0,لا احد فتيات 2003
img470.jpg,only humor,no hate,1.0,,جدتي لقد شبعت من يهتم لرأيك أيها الداعر
img457.jpg,hate_speech,race,0.0,3.0,لجمع الاغراض المدرسية لجمع النقود لجمع العرب
img480.jpg,hate_speech,race,0.0,3.0,اصدقائي الفلاحين بعد اكتشافهم رحلة المزرعة كانت بقصد التر فيه النفس وليس حراثة الارض
img461.jpg,hate_speech,race,0.0,3.0,حسنا لم يتبقى سوى دقيقة واحدة ثمة شيء تريدأن تقوله قبل نهاية الحصة نعم اود التحدث قليلا عن كل ما قدمه العرب للبشرية حسنا ماذا عن ال55 ثانية المتبقية
img467.jpg,hate_speech,gender,0.0,4.0,لما شاب فاحش الثراء يتقدم للزواج فيمينست توافق احسست انه بقدر المرأة بحترمها
img481.jpg,hate_speech,national_origin,0.0,2.0,وصول قوات أمريكية للدفاع السعودية من الحوثيين مطوع سعودى ألا أدلكم على الديسكو الحلال أسود السنة
img462.jpg,hate_speech,national_origin,0.0,2.0,طياري التحالف السعودي كل يوم منذ 4 سنوات اليمن لدينا مدينة لاحراقها
img459.jpg,hate_speech,national_origin,0.0,2.0,السعودية كل يوم تقصف الحو ثبين البنية التحتية لليمن قصف اليمنيين عزل لا يمتون للحرب بصلة استعمار الحوثيين يردون ويقصفون السعودية السعودية
img475.jpg,hate_speech,national_origin,0.0,2.0,لما اليمنيين النورمي يدخل يعلقوا على بنات التيك توك ووو ابوي الحلى جعلي فحصة مالية اقبلي الاضافة
img466.jpg,hate_speech,national_origin,0.0,2.0,لما عادك مولود جديد تستدرك انك انولدت اليمن بين دولة
img477.jpg,hate_speech,national_origin,0.0,2.0,عندما يقول شخص عراقي كلبي فهل يقصد اهانتك ام انه يمدحك
img465.jpg,hate_speech,national_origin,0.0,2.0,الطبيب وكما ترى هذا عمود الفقري ليبي شنو إبن ارجعه لمكانه يابن العاهرة
img471.jpg,hate_speech,national_origin,0.0,2.0,عندما تخبر عمالك المصارعة بان اول شخص ينتهي نقل رمل سيحصل على علبة سردين زيادة على الفداء
img490.jpg,hate_speech,national_origin,0.0,2.0,شخص سبعاوي يصل لعمر أبوه
img472.jpg,hate_speech,national_origin,0.0,2.0,عندما تكون حاوية قمامة تعيش بهدوء في الزرقاء وبعد عدة سنوات يقوم احد سكان الحي برمي القمامة داخلك بدل بعثرتها الشارع
img483.jpg,hate_speech,national_origin,0.0,2.0,ابن عشائر اردني عندما يترشح للانتخابات يا عرب يا فلسطنيين أردنيون مسلمين مسيحيين سأعيد لكم القدس خلال ثواني عوني حدادين انشروا الفيديو
img479.jpg,hate_speech,national_origin,0.0,2.0,لو ان الجزائر لها حدود فلسطين ستتحرر اليوم لما يستخدمون الطائرات
img478.jpg,hate_speech,national_origin,0.0,2.0,شخص يقلد صوت البقرة صديقي الهندي
img487.jpg,hate_speech,religion,0.0,0.0,عندم تقوم برمي علبة عصير فارغة على رأس صديقك وهو يحاسب امام الله يوم القيامة لتجعله يكفر أمام الجميع يدخل النار
img464.jpg,hate_speech,religion,0.0,0.0,زميلي نشتيك تجي تراجعنا المادة انا والله آسف جدا مشغول زميلي صيانة مميز معها يمر يمتد صالة مميز
img486.jpg,hate_speech,national_origin,0.0,2.0,عندما تكون ياباني وتنهض صباحا
img468.jpg,hate_speech,national_origin,0.0,2.0,كيف كان بمر يوم الأردني قبل جلب البلجيكي الحضارة
img488.jpg,hate_speech,religion,0.0,0.0,يسألونك فيه عن الشهر الحرام قتال فيه قل قتال فيه كبير صد عن سبيل الله كفر به ويحك اصبئت عن قضيتنا الجنوبية اللات العزة لاذبحنك ذبح البعير
img485.jpg,hate_speech,religion,0.0,0.0,قال رسول الله من حج فلم يرفث ولم يفسق رجع كيوم ولدته أمه
img474.jpg,hate_speech,ddd,0.0,1.0,كيفاش تحكي العباد القصار
img484.jpg,hate_speech,religion,0.0,0.0,اسماعيل لما حضره ابوه ابراهيم لذبحه المهم رضاء الوالدين الجنة تنادي اصلا انا فكرت بالانتحار
img460.jpg,hate_speech,ddd,0.0,1.0,دكتور احمد نعم المذيعة دكتور احمد
img469.jpg,only humor,no hate,1.0,,هل حمدت الله اليوم ام تنتظر ان تعطس
img458.jpg,hate_speech,religion,0.0,0.0,عندما تذهب للصلاة فتسمع شخص في المسجد بجانبك يدعو الله ان يطيل في عمره لكنه لا يعلم انك ارتديت حزامك المفضل
img489.jpg,hate_speech,religion,0.0,0.0,تؤمن بوجود الله نعم تؤمن باله الاغريق لا لماذا لأنها مجرد قصص ليس لها حضور ملموس في حياتنا
img473.jpg,hate_speech,religion,0.0,0.0,عندما تتزوج امراة بهودية تنجب اولاد تقتلهم الجهاد
img482.jpg,hate_speech,religion,0.0,0.0,عندما تدخل مطعم وتجده يبيع لازانيا
img456.jpg,hate_speech,ddd,0.0,1.0,حين تحضر عيد ميلاد ابن جيرانك المصاب بشلل ساقيه تقدم لوح تزلج كهدية منك عائلته وكل المنزل
img476.jpg,hate_speech,religion,0.0,0.0,آنا في الخامسة من عمري امي لماذا يموت بعض الناس هم شباب أمي لأن الله يشتاق لعباده المخلصين جدتي ذات سنة
img502.jpg,only offensive,no hate,2.0,,موظفين الأمن الجامعي لما تحاول تشرحلهم إنك مآخذ ثلاث مطاعيم وفحص بس مش قادر تنزل تطبيق على تلونك بقدرش افوتك
img494.jpg,hate_speech,gender,0.0,4.0,فتاة تمشي الشارع انا احذروا غسالة صحون متحركة
img501.jpg,hate_speech,gender,0.0,4.0,شبكة نتفليكس عمل جيد لكن لماذا هذا الفيلم لا يحمل ألوان كاتب السيناريو ألوان ماذا تقصد شبكة نتفليكس
img519.jpg,hate_speech,religion,0.0,0.0,ياسمين حتى كانت امنا حواء ماشية بورقة شجر ولا حدا قال لها عيب والحرام ترا البكيني بداية الخليقة الناس عاملة قصة لا احد طيب يا ستي شكرا كقاية
img499.jpg,hate_speech,national_origin,0.0,2.0,عندما تكون غير شركسي تذهب للتقدم لخطبة الفتاة الشركسية المثيرة الحي عائلتها
img524.jpg,hate_speech,race,0.0,3.0,الحدائق موجودة بدوي عنده حصان
img508.jpg,hate_speech,national_origin,0.0,2.0,عندما تكتشف الدواء الحقيقي ليس البان وبول البعير
img504.jpg,hate_speech,national_origin,0.0,2.0,لا أحد البدو بعد انتهاء اي حرب فيد فيد فيد
img520.jpg,hate_speech,national_origin,0.0,2.0,مولد نبوي السعودية والحمارات السعودية والحمارات ديسكو حلال ويوم الفلانتاين و رأس السنة الميلادية
img493.jpg,hate_speech,national_origin,0.0,2.0,حضرمي
img509.jpg,hate_speech,national_origin,0.0,2.0,لما اليمن تفوز ب1\10 ايش المنتخبات الضعيفة هذي هاتوا لنا البرازيل
img497.jpg,hate_speech,national_origin,0.0,2.0,صيانة مميز صفحة مميز يمنية امريكا ايران السعودية اسرائيل الامارات
img514.jpg,only humor,no hate,1.0,,عندما يدخل مجموعة لصوص الى بيتك ويقومون بسرقته وضرب واغتصابك عند خرج جهم يقوم احدهم بشتم النادي الفيصلي الا الفيصلي يا اولاد النائمة
img516.jpg,hate_speech,national_origin,0.0,2.0,الهجر الفلسطينية الى الأردن تحصل عام 1948 الأردن الاردن قبل عام 1947
img513.jpg,hate_speech,national_origin,0.0,2.0,محمد عساف بكيفية شيء شيء شيء البلاجكة
img491.jpg,hate_speech,national_origin,0.0,2.0,لما تكون حارس مصرى راكب باص كوستر وتقعد بنت جمبك وتلزم فيك وتلك اسفة انا مقربة عليك شوي المصري
img496.jpg,hate_speech,national_origin,0.0,2.0,المواطن الأردني عندما يقترب موعد الإنتخابات النيابية
img523.jpg,hate_speech,national_origin,0.0,2.0,البلجيكي حصل على رقم وطني قابل بلجيكي آخر
img515.jpg,hate_speech,national_origin,0.0,2.0,ولا حدا البلجيكي باي مكان
img512.jpg,hate_speech,national_origin,0.0,2.0,عندما يلعب النابلسي مع حيوانه الأليف بحوش الضار
img510.jpg,hate_speech,national_origin,0.0,2.0,جدي والشباب بعد دقيقتين توقيعهم على رقة بيع الأراضي لليهود
img492.jpg,hate_speech,national_origin,0.0,2.0,عندما يرجع الزرقاوي المنطقة
img503.jpg,hate_speech,national_origin,0.0,2.0,عندما تقدم ا الخاص لشركات خارج الاردن
img517.jpg,only humor,no hate,1.0,,انتاج اول ميتسوبيشي لانس عام المخابرات الاردنية عام
img525.jpg,hate_speech,religion,0.0,0.0,لما البنت المسيحية تسلم عليك بالايد عارفة انك من نزال حقا قام
img495.jpg,hate_speech,ddd,0.0,1.0,لما يكون فيك عصبة بظهر ويدعوك على واحد يشرحلك يقوم يصورلك رقبتك وظهر والعمود حقك انيك امك انا يا ابن الزنوة
img498.jpg,only humor,no hate,1.0,,لما مرتك تحصل فار وتصيبك تتخبط معه بالفريق وفجأة يضيع عليك وترأس وبعدين تخرج عشان تواج مرتك وتسأل كيف سويت
img522.jpg,hate_speech,religion,0.0,0.0,عندما تبدأ الشعور ان لا احد من المستمعين الى الخطبة يصدقك اقسم بالله اني رايته بالمنام
img500.jpg,hate_speech,religion,0.0,0.0,لما تلاقي تطبيق المصحف بينعمل له تحديث
img505.jpg,hate_speech,ddd,0.0,1.0,عندما يسألك منكر ونصير نبيك وتجيبهم محمد يقول الله فيقولوا احكي برغر يجدعان حيام عليكوا والله
img511.jpg,hate_speech,religion,0.0,0.0,عندما يسمع الاخوان الثورة مرقد اشتعلت معلنين بذلك بدء موسم العاب ركوب الامواج
img521.jpg,hate_speech,ddd,0.0,1.0,قبل الميلاد اختراع الهيروغليفية الانسان سنة قبل الميلاد
img518.jpg,hate_speech,religion,0.0,0.0,لما تبعثيله نودز فيقلب عليكي ويهدد بنشر الصور وتدعي الله يمسح الصور تليفونه
img507.jpg,hate_speech,religion,0.0,0.0,حين تدخل إلى الصلاة صديقك الدي يدخل حياته إلى جامع وتقول لقد نسيت تحية المسجد السلام عليكم ايها المسجد
img506.jpg,only offensive,no hate,2.0,,الختايره الكراسي الأول عندما يطول خطاب النائب و تتاخر المناسف
img540.jpg,only offensive,no hate,2.0,,طلاب شعبة الاداب
img558.jpg,hate_speech,gender,0.0,4.0,عندما تكون قروي وتنجب زوجتك أول مولود انثى فلا تقوم بوعدها رغم العار أقاربك فيمنست
img532.jpg,hate_speech,gender,0.0,4.0,لما تسأل فيمينيست يعنى ايه فيمينيست والله يا ابني مش عارفة أدينا بنقلع وخلاص
img550.jpg,hate_speech,gender,0.0,4.0,فيمنست تشاهد قيامة أرطغرل ولقيت الزوجه بتقول تزوجها سيدى هو احنا عبيد يا حكومة مشترينا من سوق عوكاظ ولا ايه
img533.jpg,hate_speech,national_origin,0.0,2.0,عندما يطالب المواطن اليمني بمرتباته
img538.jpg,only humor,no hate,1.0,,سعودي منزل الصورة دي وكاتب قاعد بكلم ابرا بهذا الفلتر عشان اخوها لو دخل علينا فجاة وحقيقي الخلايجة والسعوديين دول في عالم ثاني خالص
img536.jpg,hate_speech,national_origin,0.0,2.0,حل الازمة اليمنية وتحسين الوضع 
img529.jpg,hate_speech,national_origin,0.0,2.0,لما تكون حوثي وعندك مهمة صيد حمام ما صدت اي حمامة فتسمع المدرب يغششك ويقلك تخيلهم ضوافع
img549.jpg,only offensive,no hate,2.0,,اول اشي بشكر جلالة القائد على دعمه للشباب و بفضله قدرنا نعمل اول محلبة ماعز في المنطقة و هذا مو الانجاز الوحيد فبدعمه للشباب والريادة افتتحنا المركز المليار للنسوان عشان يبيعوا فيه مخللات ومقدوس ويتعلموا خياطة
img528.jpg,hate_speech,national_origin,0.0,2.0,مضرط المطايزة النظام العشائري مهم جدا للبلد لايمكن الاستغناء عنه ابدا احنا اصل البلد النظام العشائري عاجل فصل عشائري بخمسة ملايين دينار لشاب ضرط سهوا بصوت عالي في فاتحة احد الشيوخ
img543.jpg,only humor,no hate,1.0,,أدوات حلاقة حلاق عادي أدوات حلاقة حلاق عراقي
img555.jpg,only humor,no hate,1.0,,الأردنيين يوم الجمعة
img557.jpg,hate_speech,national_origin,0.0,2.0,انا بروح الدول الغنية بس الدول الفقيرة لا يابا احلى مساء عليك
img539.jpg,hate_speech,national_origin,0.0,2.0,ميم عن الحضارم ميم عن اصحاب صنعاء ميم على البدو ميم على اليفيعة يافع عصية عليكم يافع حرروا المريخ من الكائنات الفضائية
img548.jpg,hate_speech,national_origin,0.0,2.0,أحد البلاجكة ورعاة الغنم عندما يصبحون نسائب
img556.jpg,hate_speech,national_origin,0.0,2.0,عندما تضطر إلى التخلص بلجيكي الي عامل قلق بالمنطقة بسبب فوز الوحدات
img552.jpg,hate_speech,race,0.0,3.0,اندلاع الحرب العالمية الثالثة الصينيين
img554.jpg,hate_speech,national_origin,0.0,2.0,لما واحد صيني يقابل واحد بتاع عربية كبدة
img553.jpg,hate_speech,national_origin,0.0,2.0,عندما تمر بجانب حارة السبتاوية وتقول السلام عليكم بصوت خشن النجاة 
img527.jpg,hate_speech,national_origin,0.0,2.0,لما تنعزم عمنسف عند بلاجكة ملاحظة يؤكل بالملعقة
img544.jpg,hate_speech,national_origin,0.0,2.0,فرنسا تنهب ثروات الشعوب الافريقية وتتسبب تفقيرها الشعوب الافريقية تهاجر فرنسا
img530.jpg,only humor,no hate,1.0,,لما يجي الإختبار الوحيد الي مراجعته منه حاجة ومعتمد إعتماد كامل على جوالي البراشيم الي عندي المراقب
img560.jpg,hate_speech,religion,0.0,0.0,كيف أرى نفسي عندما أتناول تمرا بلبن
img559.jpg,hate_speech,religion,0.0,0.0,لاتكثروا في الردود بالتعليقات فانها تؤدي الى الماسنجر والعياذ بالله
img542.jpg,hate_speech,national_origin,0.0,2.0,عندما تبدأ الحرب العالمية وتقوم ايران بالاعتراض محكمة العدل الدولية على عدم تساوي القوى بين الاطراف المتحاربة لتقضي المحكمة بسحب جميع الاسلحة الموجودة العالم وتوزيعها بشكل عادل على الجميع وبالفعل يبدأ التوزيع ليصل الدود عند البلاجكة لإختيار السلاح الفتاك الذي سيما عربون فيه البلاجكة
img531.jpg,hate_speech,religion,0.0,0.0,لما تخلي ابنك يروح المسبح دولة التحفيظ ويرجع لك طيزه تقطر المطوع المشرف هذه احد اضرار الكلور الذي وضعه اعداء الاسلام للنيل منا اخي المسلم
img545.jpg,hate_speech,national_origin,0.0,2.0,شاب بجامعه الطفيلة يلقي التحيه على زميلة له في المحاضرة الطفايلة
img551.jpg,hate_speech,religion,0.0,0.0,لا يجوز الله يرحمها
img526.jpg,hate_speech,religion,0.0,0.0,لاا ديننا وسطي جميل كيشوت انتشر بالسيف اندثر بالسيف و يرجع بالسيف انتشر بالسيف
img534.jpg,hate_speech,ddd,0.0,1.0,عندنا تلعب ماينكرافت لمدة تزيد عشرين سنة
img547.jpg,hate_speech,religion,0.0,0.0,طالب مسيحي يقرأ الانجيل ومرت جملة لم تعجبه مين معو محاي
img537.jpg,hate_speech,religion,0.0,0.0,دكتور النظم الاسلامية يكرمي ويهديني مصحف لاني الوحيد الي جبت علامة كاملة انا ملحد صرلي سنتين
img541.jpg,hate_speech,ddd,0.0,1.0,انا قبل مقابلة العمل تتكلم بغرابة تظهر بشكل غريب تتصرف بغرابة انا ادخل المقابلة
img546.jpg,hate_speech,religion,0.0,0.0,المسيحيين يشوفوا خيسوس كيسوس رجع
img535.jpg,only humor,no hate,1.0,,لما تمتلئ ذاكرة الهاتف فتقرر ضربه على الحائط فيفقد الذاكرة
img591.png,hate_speech,religion,0.0,0.0,بعدما تشرب وتتذكر انك صائم
img590.png,hate_speech,religion,0.0,0.0,الناس لما تسب الدين والرب بالشارع والأماكن العامة
img565.jpg,only offensive,no hate,2.0,,شيخ ومتدين ويصلي كل الفروض ابنه
img586.jpg,hate_speech,gender,0.0,4.0,لما تتزوج نسوية وتقول لها مصاريف البيت بالنص كنوع المساواة هل انت استغلالي هل انت استغلالي ذكوري شرقي تتخلى عن مسؤولياتك
img577.jpg,hate_speech,gender,0.0,4.0,النساء الفيمينيست وتعرف معنى انها فيمينيست النساء الفيمينيست ولا تعرف معنى انها فيمينيست
img585.jpg,hate_speech,gender,0.0,4.0,لما تفتح الباب فيمنست لأنك محترم تصفعك وجهك تقل عاملني بمساواة فترعفها وتقل لك تضرب بنت أنت
img588.jpg,hate_speech,gender,0.0,4.0,واقفة بالشارع عريانة اكيد قحبة اسمها فيمينيست يا ذكوري يا متخلف
img583.jpg,hate_speech,gender,0.0,4.0,لا احد فيمينيست يمنية تشتي تسافر اوروبا
img589.jpg,hate_speech,gender,0.0,4.0,صاحب البقالي يهرب فيمينست
img587.jpg,hate_speech,gender,0.0,4.0,لما يدخلك اثنين شواذ بالخاص تعرفهم بعض
img593.jpg,hate_speech,national_origin,0.0,2.0,لما الدكتور يطلع عراقي البنات ياي لهجته حلوة كثير عنجد الشباب شوكت تهتز الشوارب يا دكتور الله يرحمك يا صدام
img568.jpg,hate_speech,national_origin,0.0,2.0,لا أحد بدوي في عرس
img574.jpg,hate_speech,national_origin,0.0,2.0,بالله عليك كيف عرفت اني ممثله يمنية
img561.jpg,hate_speech,national_origin,0.0,2.0,الزرقاوية بعد نا تحكيلها صندلك لابق كثير عاللبسة تم يسطا
img566.jpg,hate_speech,race,0.0,3.0,لا أحد صينيين شافو واحد يأكل دجاج
img563.jpg,hate_speech,race,0.0,3.0,الصين تقترب إيجاد علاج لفيروس كورونا القادم الخفافيش صيني
img594.jpg,hate_speech,race,0.0,3.0,لقد إبتكرنا آلة زمن فلنسافر الماضي لا شكرا انا مرتاح هنا
img578.jpg,hate_speech,national_origin,0.0,2.0,رابر اسكندراني اتزنق في بار اسكندرية هي الدولة
img567.jpg,hate_speech,national_origin,0.0,2.0,ايلون ماسك بعد يعرف انه حمودة سيتم كنترول البقعة عمان بده يركب الشريحة عشان يزيد مهاراته حساب عدد الركاب الممكن تحميلهم الواقف دون التأثير على كافة القهوة الي بيده
img575.jpg,hate_speech,national_origin,0.0,2.0,الشركي لما يطلع حارته ويمر حارة البني حسن ه طريقه لنادي الكيك بوكسنج
img595.jpg,only humor,no hate,1.0,,لازم تلغوا الامتحانات مين بده يسويلنا ميمز
img570.jpg,hate_speech,national_origin,0.0,2.0,فراولة اشي هيك شو بعرفني انا مش من الزرقاء
img562.jpg,hate_speech,religion,0.0,0.0,انا جبت المذكرات وانا جبتهم  بس كانوا باسم ثاني باسم ابه باسم الصليب 
img584.jpg,hate_speech,religion,0.0,0.0,الرؤية ظهرت يا رجالة الرؤية هباب
img569.jpg,only offensive,no hate,2.0,,صور ناس نازلة تصلي الفجر
img579.jpg,hate_speech,religion,0.0,0.0,مسلم ينتظر الشرطة العالمية لمكافحة الارهاب بعدان اخبره ملحد عربي بأنه ارهابي
img564.jpg,hate_speech,national_origin,0.0,2.0,عندما تسمع الهنود يشربون بول البقركعلاج للكورونا فترة حجم جهلهم وعدم معرفتهم بان العلاج الحقيقي بول البعير
img571.jpg,hate_speech,religion,0.0,0.0,احد اعضاء جماعة الاخوان المسلمين بعد ثواني نجاح ابنه بالتوجيهي اعدوا الوربات
img592.jpg,hate_speech,ddd,0.0,1.0,أكتر الناس متدفئين الشتا القصيرين
img573.jpg,hate_speech,religion,0.0,0.0,لما تقعد تناقش اصدقائك الميم لورد الملحدين امل تهديهم وتحميلهم انه بنا افتتح سورة البقرة بكلمة والتي تعني الميم اصدقائك
img576.jpg,hate_speech,gender,0.0,4.0,عندما اخيرا تقابل الفتاة التي تعرفت عليها على الفيسبوك والتي كانت دائما تعطي وجهها بالصور بقلب
img581.jpg,only offensive,no hate,2.0,,عندما تأخد سيلفي المرآة تغطي وجهك القبيح بهاتفك
img572.jpg,only humor,no hate,1.0,,لما تكون عرضيه مرفوعة والمهاجم يلعبه دماغو والمخرج يعملها الاعاده التصوير الطبي شكل المهاجم
img580.jpg,only humor,no hate,1.0,,لما تروح الجيش وتحارب وتروح حادف قنبله على صحابك  أصل متعود اعمل كده هناك
img582.jpg,only humor,no hate,1.0,,قاعد في عزا واحد عادي وشي
img624.jpg,only humor,no hate,1.0,,يا رب ما حد يعرفني
img602.jpg,hate_speech,national_origin,0.0,2.0,عندما تعلم بأن هناك ازمة خبز السودان فتذهب أنت وأصدقائك للاستمتاع بذلك
img619.png,hate_speech,gender,0.0,4.0,هذه المرأة يأتي معها ضمان
img613.jpg,hate_speech,national_origin,0.0,2.0,اسمها فلافل ولا طعمية طعمية اسمها مشروع ولا ميكروباص ميكروباص كده احنا خلصنا فلاح
img620.jpg,hate_speech,gender,0.0,4.0,سيدة تقتل زوجها وتلقيه في قمامة الشارع زوجي شاذ ويستحق الحرق
img625.jpg,hate_speech,gender,0.0,4.0,حكمة اليوم كوني ملهمته وادفعيه للأمام
img626.jpg,hate_speech,gender,0.0,4.0,مدرسة في طنطا تطلب من تلاميذها الذكور ارتداء التنورة لتعزيز المساواة
img622.jpg,hate_speech,ddd,0.0,1.0,مستحيل يجيه ضيق تنفس
img617.jpg,hate_speech,gender,0.0,4.0,لما تبقي فيمينيست ورفضه شغل البيت عشان اهانة المراه تجيبي خدامة المنطق
img616.jpg,hate_speech,national_origin,0.0,2.0,كيف كان بمر يوم الأردني قبل جلب البلجيكي الحضارة
img598.jpg,hate_speech,national_origin,0.0,2.0,عندما ترى راعى غنم لا يقوم بعبادة الملك او التسحيج البلاجكة عديمين الرقم الوطني والله انا احق منهم بالجنسية الاردنية زالرقم الوطني احنا الغزواة محترمين البلد وصاينين نفسنا وجلالة الملك على رأسنا من فوق والله كريم
img627.jpg,hate_speech,national_origin,0.0,2.0,مواطن مصري شائع حقيقته مظهره
img597.jpg,hate_speech,national_origin,0.0,2.0,الاردنية الفلسطينية ما عمرو الاردن ويلا ملوخياتك وعلى الجسر ايضا الطفيلة الي فش فيها فلسطينية
img611.jpg,hate_speech,race,0.0,3.0,ماذا تسمي رجلا أسود يقود طائرة لا اعرف طيار ايها  الوغد العنصري
img610.jpg,hate_speech,national_origin,0.0,2.0,شوف ثلوجا بتوع المصريون بيعملوا إيه الخلايجة لايكا أيضا الذين يأخذ قوم أن يقوم حسب يجولون خيرا منهم نساء نساء غنى يكن خنقا منهن ولا تتلمذوا انفسكم ولا شوف بتوع تنابوا بالألقاب شوف بتوع الكبسة العمية بيعملوا إيه بيعملوا إيه
img596.jpg,hate_speech,national_origin,0.0,2.0,شاب بجامعه الطفيلة يلقي التحيه على زميلة له في المحاضرة الطفايلة
img603.jpg,hate_speech,race,0.0,3.0,بعيدا منشورات العنصرية علينا نقف كلنا هاذا نهر مسكين الذي لوثه هاذا الزنجي المعاق
img629.jpg,hate_speech,national_origin,0.0,2.0,طعمية كبسة
img614.jpg,hate_speech,ddd,0.0,1.0,لما تخلف ولد معاق بالأردن اعفاء جمركي
img615.jpg,hate_speech,national_origin,0.0,2.0,الأمريكي عندما يقول المهاجرين جلبوا المخدرات الأسلحة الفساد إلى أمريكا
img606.jpg,hate_speech,religion,0.0,0.0,قسم الأشعة يا خبر اسود انت لا عندك عقل ولا دين ولا حتى قلب
img623.jpg,hate_speech,religion,0.0,0.0,كل من يخالف دينك كافر شيوخ الفتنة كراهية الاخر كراهية الاخر كتاب التراث
img608.jpg,hate_speech,religion,0.0,0.0,المدرسة الجهادية للنصح والهداية يا الله يا جماعة ارفعوا ادوات الهداية
img630.jpg,hate_speech,religion,0.0,0.0,رجال دين ارثذوكس يسبون الهراقطة بينهم وبين بعض الاستاذ خالد منتصر  الارثذوكس ندوة بعنوان التسامح الديني عند المسيحيين في مصر
img609.jpg,hate_speech,national_origin,0.0,2.0,عندها تدخل حارة الهند في عيد الاضحى يبدا الجميع ستمك والدعاء عليك لكنك طالع براس ربهم
img618.jpg,hate_speech,religion,0.0,0.0,يعني أيه تفكير لابد ان نفتي بحرمة التفكير لان التفكير يثير الشهوة
img612.jpg,hate_speech,gender,0.0,4.0,قول ورايا اقسم برب العزة اكون مطيعا للمزة اسلمها كل المرتب وكل ما يترتب علاوات وسلف حتى لو في مخها تلف
img605.jpg,hate_speech,gender,0.0,4.0,الزواج عن بعد هل تقبلين مهند بعلا لك نعم لا الغاء الامر
img599.jpg,hate_speech,religion,0.0,0.0,شخص يقلد صوت البقرة صديقي الهندي
img601.jpg,hate_speech,ddd,0.0,1.0,مرحبا اسمي ستيفن هوكينغ انا معاق عالبركة
img600.jfif,only humor,no hate,1.0,,وانت فصيل لما تسوي على نياتك وتدخل عرس الحريم
img628.jpg,only humor,no hate,1.0,,بيه معدل وكيوت
img607.jpg,hate_speech,ddd,0.0,1.0,دايما تلاقى القصيرين ربنا معوضهم بطول لسانهم
img604.jpg,hate_speech,ddd,0.0,1.0,هل تعلم ان البنت الطويلة اذا دخلت قلبك رجليها تفضل برا ما فيش احلى من الاوزعة تخش تتحشر جواه
img621.jpg,only humor,no hate,1.0,,الاحد لو يفصلوني ما حلقت الاثنين
img650.png,only humor,no hate,1.0,,بحمل ابلكيشن جيجا وخلاص وصل ماما هفقل الواي فاي عشان يرتاح شوية
img649.png,hate_speech,religion,0.0,0.0,لها تعطس في الحمام وتقول الحمد لله الشيطان اعوذ بالله من الانسان الرجيم
img665.png,hate_speech,national_origin,0.0,2.0,فيمينيست امريكية تدعي المرآة لكي تصبح سيدة اعمال ناجحة مهندسة فيمينست ليبية بالنسبة للبنت الي تحشش
img662.png,hate_speech,gender,0.0,4.0,وماي قاد الأليانز ارينا بنفسه قاي
img634.jpg,hate_speech,race,0.0,3.0,شاب عربي محافظ يرتبط بفتاة مختلفة عنه يرتبط بفتاة محافظة تشبهه يرتبط بفتاة متحررة ليغيرها الى فتاة محافظة
img663.png,hate_speech,gender,0.0,4.0,لما فيمينيست تفتح محل شوز الرجال شبشب
img636.jpg,hate_speech,race,0.0,3.0,زنجي التفكير عرض زنجي بفعل
img656.png,hate_speech,race,0.0,3.0,زنجي الألعاب زنجي الحياة زنجي الضحك زنجي الاختفاء زنجي التنفس زنجي الليل زنجي الكرتون زنجي الصباح زنجي النوم
img631.jpg,hate_speech,gender,0.0,4.0,فكانت رضي الله عنها تطبب المرضى وتسعف الجرحى في  الغزوات اذا كبرت ابغى اصير زيها ما عندي بنات يشتغلون طبيبات
img660.png,hate_speech,gender,0.0,4.0,واضح انها نسويه وزيرة التربية والتعليم تصدر قرار وزاريا باستبدال كلمة الطلاب بالطلبة
img661.png,hate_speech,gender,0.0,4.0,اي نسويه تتابعني وسمحت برا حسابي
img637.jpg,hate_speech,gender,0.0,4.0,اوعدنى ماتكلم بنات كبرى وعد حبيبتي 
img664.png,hate_speech,gender,0.0,4.0,لما اشوف كاتب البيو تبعه انه فيمينيست
img635.jpg,hate_speech,race,0.0,3.0,زنجي الصدمة
img655.png,hate_speech,gender,0.0,4.0, وش يعني ليزبيان يعني اللي يحبون البنات انا ليزبيان
img659.png,hate_speech,gender,0.0,4.0,أنا مسلمة بس نسوية يا حبيبتي الماء والنار لا يستويان
img658.png,hate_speech,gender,0.0,4.0,لنوبة داخله نقاش ادلة علمية ادلة دينية احس انو
img653.png,hate_speech,race,0.0,3.0,والله انك مبدع بس لو تصير ابيض بس
img657.png,hate_speech,gender,0.0,4.0,انا وابني سنة بعد ما جاب صفر في سؤال كام جيندر اللي انا حليتهوله وقلتله 2 بس
img632.jpg,hate_speech,race,0.0,3.0,بكج زنجي البناء عكس يبنون كرشة بندقيتا
img633.jpg,hate_speech,national_origin,0.0,2.0,الحمدلله ما عندنا عنصرية في الخليج ما فهمت شفيك بنقالي انت
img654.png,hate_speech,race,0.0,3.0,تصبح على خير اخر حاجة بشوفها الاوروبي قبل ما يموت في سنة 1800
img652.png,hate_speech,ddd,0.0,1.0,ضرس العقل طالع يتمشى
img651.png,hate_speech,national_origin,0.0,2.0,الفلسطيني البتول
img641.jpg,hate_speech,national_origin,0.0,2.0,فتاة تطلب شاب يمني خدمة بسيطة بنبذها الآخير تشكره الشاب اليمني
img644.jpg,hate_speech,national_origin,0.0,2.0,ولوج الهند عندما يرون شيء له اربع ايادي
img643.jpg,hate_speech,national_origin,0.0,2.0,لا احد شباب قرى أربد
img640.jpg,hate_speech,national_origin,0.0,2.0,مواطن مصري شائع لا يؤمن بالديمقراطية لا يؤمن بالمواطنة لا يؤمن بالدولة المدنية لا يؤمن بحرية المرأة لا يؤمن بفصل الدين عن الدولة لا يؤمن بالحريات الفردية لا يؤمن بحرية الراي لا يؤمن بالحريات السياسية لا يؤمن بالمساواة لحد امتى هتفضل البلد دي متخلفة كده ومش زي برة
img645.jpg,hate_speech,national_origin,0.0,2.0,الريال العماني الريال السعودي الريال اليمني
img642.jpg,hate_speech,national_origin,0.0,2.0,الحكومة تعلن حالة الطوارئ وتحذر من الخروج من المنزل اهل اربد انا سوري
img639.jpg,hate_speech,religion,0.0,0.0,شباب حفظ جزء عم
img638.jpg,hate_speech,religion,0.0,0.0,الإستماع لأغنية بلوس الواوا حرام لأن الأغنية توضح مكان الواوا
img648.jpg,only humor,no hate,1.0,,هذا رحت تراجع ورقة اختبار وماعرفت تقرا خطك
img647.jpg,only humor,no hate,1.0,,ولد اختك اذا وديته البقالي
img646.jpg,hate_speech,ddd,0.0,1.0,هل تعانين من السمنة المفرطة وتجدين صعوبة في الحركة معلش
img683.png,only humor,no hate,1.0,,وبعدين ليش هوايتكم نشر الحزن في قلوبنا
img673.png,only humor,no hate,1.0,,تحضيرات  المنتخب السعودي لمنتخب الاورغواي 
img666.png,hate_speech,gender,0.0,4.0,لما ولد فيمينيست يكتب تويت البنات تعمله ريتويت
img669.png,hate_speech,gender,0.0,4.0,اذهبي إلى عملك بكامل طاقتك ابتسامتك سترونغ اندبندنت فيمينيست
img670.png,hate_speech,gender,0.0,4.0,منصة شذوذ
img668.png,hate_speech,gender,0.0,4.0,لما فيمينيست تعرف انها لما تيجي تقدم بتاعها لشغل اتبعت ميل مش فيميل
img667.png,hate_speech,gender,0.0,4.0,انا كي  تبدا فيمينيست تحكيلي على حقوق المرآة
img671.png,hate_speech,race,0.0,3.0,السيسي الحديث شمال عربى وجنوب نجى كلام لا يليق أفريقيا
img682.jpg,hate_speech,race,0.0,3.0,تيجي تهز النخلة تقولك وتف برو
img672.png,hate_speech,race,0.0,3.0,افضل زنجي بتاريخ الترفيه
img681.png,hate_speech,race,0.0,3.0,عندما تبدأ بالضحك على مميز عنصرية حول الفيران والعرب زوج تتذكر أنك فار عرب زوج
img676.png,hate_speech,national_origin,0.0,2.0,احلى مسا على كتفك طعيمة
img680.png,hate_speech,ddd,0.0,1.0,قامت بالانتحار بعد مشاهدة ملك جمال الامارات
img679.png,hate_speech,ddd,0.0,1.0,ملك جمال الإمارات الشيخ عبدالله زايد
img678.png,hate_speech,ddd,0.0,1.0,ملك جمال الامارات جماعه لوه شوق في حاجه
img677.png,hate_speech,ddd,0.0,1.0,للمره الثالثه على التوالي عبد الله زايد ملك جمال الامارات عمي دوني ليونيل رغم المصايب يلي فيي يمكن يعملولي تمثال متل الإله بوذا
img675.png,hate_speech,ddd,0.0,1.0,ستيفين هوكينغ قام من الأموات
img674.png,hate_speech,ddd,0.0,1.0,وائل كفوري بالغرام كون ابتدا ستيفين هوكينغ
img1003.jpg,hate_speech,ddd,0.0,1.0,عندما يوم الناس بالتثاؤب هل يظن الاطرش انهم يصرخون
img1010.jpg,hate_speech,ddd,0.0,1.0,قد اكون عمى لكنني على الاقل لست اسودا
img1015.jpg,hate_speech,race,0.0,3.0,ماذا يدعى عربي يده طيز جمل ميكانيك
img1013.png,hate_speech,religion,0.0,0.0,المسلم بي لايك النظرة الاولى حلال 
img1019.jpg,hate_speech,race,0.0,3.0,اذا قمت بحول عينيك كفاية سوف تراهم متطابقين
img1002.jpeg,hate_speech,race,0.0,3.0,لم اشتري تلفاز ملون لمشاهدة زنوج من خلاله
img1006.jpg,hate_speech,national_origin,0.0,2.0,بيقولك لما مدرب المنتخب الكويتي بيعاقب لاعب بيخليه يلف حولين الكويت مرات
img1024.png,hate_speech,national_origin,0.0,2.0,الآرض ليست دائرية الحمقى انها مجرد مؤخرة عاهرة مغربية
img1023.png,hate_speech,religion,0.0,0.0,لقد كنت زومبي قبل ان  يكون ذلك رائعا
img1020.png,hate_speech,race,0.0,3.0,لقد تمت اصابة رجل أسود رصاصة تقول الشرطة انها اسوء عملية انتحار هذه السنة
img1027.png,hate_speech,religion,0.0,0.0,عندما كنت الكنيسة كرهت كل الوقوف والجلوس تمنيت فحسب انا ياتي القس وياخذ وضعية وينكحني
img1028.png,hate_speech,gender,0.0,4.0,عمر سنوات لكن عمر فمها
img1025.png,hate_speech,race,0.0,3.0,عندما تقرب رضيعا زنجيا أذنك ستسمع صوت سيارة الشرطة
img1026.png,hate_speech,religion,0.0,0.0,الله اكبر لا استطيع ان انام هذا عبد الله هولا يستطيع النوم
img1021.png,hate_speech,race,0.0,3.0,الأطفال البيض عندما يحلمون بأول أيامهم فالمدرسة
img1022.png,hate_speech,race,0.0,3.0,عندما اتقوم بالشواء لكن الفحم يهرب
img1029.png,hate_speech,ddd,0.0,1.0,هديه كندر الاسيوية تحتوي على التعليمات الصحيحة
img1030.png,hate_speech,race,0.0,3.0,نحن السوق جيدون فيب كرة ا السلة لاننا نستطيع السرقة التصويب والهرب
img1032.png,hate_speech,national_origin,0.0,2.0,عندما يزور الخليجي اختك
img1012.jpg,hate_speech,ddd,0.0,1.0,مروان شفت الفيلم اه حلو هم كاتبين الترجمة ليه ما هو اصله عربي عشان المكفوفين
img1018.jpg,hate_speech,ddd,0.0,1.0,اكل ببلاش انا ان
img1031.jpg,hate_speech,race,0.0,3.0,امريكا بريطانيا اوروبا الشرقية
img1016.jpg,hate_speech,race,0.0,3.0,نقدم لكم الرئيس السادس والأربعون سم دم فك
img1034.jpg,hate_speech,race,0.0,3.0,الزنوج البشرة اليبضاء
img1001.png,hate_speech,ddd,0.0,1.0,عندما يسخرون منك بسبب عسر القراءة وبسبب اعاقته
img1000.png,hate_speech,race,0.0,3.0,في مكان بعيدا هناك زنوج يبكون
img1033.jpeg,hate_speech,race,0.0,3.0,انا لست عنصري ظلي اسود
img1009.jpg,hate_speech,race,0.0,3.0,عندما تابعين شاب أسود لأنك ظننت السود يملكون قضبان كبيرة لكن قضيبه كان صفيرا الآن محفظتك مفقودة مميز صادرة
img1008.jpg,hate_speech,race,0.0,3.0,استاذ لعلوم للطبيعية درس اليوم التوالد عند الإنسان دنو للصف لثالث الاعدادي
img1007.jpg,hate_speech,race,0.0,3.0,الاستاذ ممنوع الأكل القسم الزنوج الذين يجلسون أخر القسم
img1005.jpg,hate_speech,gender,0.0,4.0,الت بعد قضائك لليلة في نفس البيت الذي يقطن فيه عمك العازب
img1004.jpg,hate_speech,gender,0.0,4.0,بعد مشاهدة نيتفليكس لمدة يوما
img1017.jpg,hate_speech,ddd,0.0,1.0,اوي
img1014.jpg,hate_speech,religion,0.0,0.0,اذا تدخل حمام بلا قول أعوذ بالله الخبث الخبائث الشيطان الرجيم يفعل الاستمناء عليك
img1011.jpg,hate_speech,ddd,0.0,1.0,من سيفوز قلاثة اطقال سميكون آلة حلاقة قزم دوار
img1036.jpg,hate_speech,national_origin,0.0,2.0,عندما تمشي زوجة عمر الثالثة مرتدية جوارب ظاهرة للعامة
img1060.jpg,hate_speech,national_origin,0.0,2.0,لlا يصير مشهد اكشن بفيلم هندي قميص البطل انا رح انشرط وانتو شوفوا عضلات البطل
img1062.jpg,hate_speech,gender,0.0,4.0,الكيوتات حركة مسك الكم الشتوية
img1065.jpg,hate_speech,gender,0.0,4.0,بنت اكتشفت او صوتا حلو وقررت تغني اغنية التايتنك
img1069.jpg,hate_speech,gender,0.0,4.0,رجل بنت نمرتا 40 رجل شب نمرته 40
img1038.jpg,hate_speech,gender,0.0,4.0,البنت الى خارجه وشكلها مش عاجبها صورني يسطا انا لما اتشيك والبس الساعة الي مش شغالة
img1039.jpg,hate_speech,gender,0.0,4.0,البنات لما شاب تخين ينزل صورته جروبات الاوتفت عسل خالص يا ربي قمر لما يشوفو حد زيه تخين في الحقيقة بصي تخين زي البقرة بيفكرني بالاء صاحبتنا
img1041.jpg,hate_speech,gender,0.0,4.0,البنت لما تشتغل الذكور ملهمش لازمة الرجالة لما تتغرب وتطبخ لنفسها و تغسل الهدوم و المواعين ربنا يبارك لامي  يخليها
img1061.jpg,hate_speech,gender,0.0,4.0,انا متشكرة انك مهتم بحقوق المرأة و بتحضر معايا مؤتمرات ولا يهمك
img1043.jpg,hate_speech,ddd,0.0,1.0,انا وصحبي كنا معدين جمب بركة مياة لاقيته بيقولي متنزل تشفوطها بمناخيرك يسطا
img1052.jpg,hate_speech,race,0.0,3.0,الافريقي القدرة على النظر اليك هكذا وما زال يكذب بقذارة
img1064.jpg,hate_speech,race,0.0,3.0,الزنوج يلتقطون فيديو لانفسهم يشربون الار جيلة كالشرموطة اللعينة
img1035.jpg,hate_speech,race,0.0,3.0,الزنوج يذهبون الى الجيم يوم ليتم قتلهم قبل زنجي كهذا
img1059.jpg,hate_speech,ddd,0.0,1.0,عندما تكون قبيحا وحزينا لكن تحاول جهدك تبقى ايجابيا
img1040.jpg,hate_speech,religion,0.0,0.0,هيا عيسى انه عيد ميلادك
img1042.jpg,hate_speech,religion,0.0,0.0,انه عيد ميلادي حسنا عيسى لنضعك في الاوبر الخاص بك
img1044.jpg,hate_speech,religion,0.0,0.0,الرب يخلق اليهود الرب ايضا يخلق عيسى اليهود يقتلون يبلى الرب يخلق هتلر حركة غير متوقعة من الرب
img1046.jpg,hate_speech,gender,0.0,4.0,حينما تبدأ بممارسة خاصة كمال الأجسام لتجد إنتباه الفتيات إليك لكنك لا تجذب اليك سوى الشواذ
img1045.jpg,hate_speech,national_origin,0.0,2.0,أزور صديقي الزرقاوي حصتي وين بدك تطرقنا صديقي الزرقاوي أحسن اشي حصتي ننزل شارع السعادة أنا متفاجئا يزم بكرة العيد والدنيا أزمة شوو مودينا صديقي الزرقاوي
img1048.jpg,hate_speech,gender,0.0,4.0,المسلم الشاذ في الجنة
img1047.png,hate_speech,national_origin,0.0,2.0,مثلين تبع ولاد نابلسي
img1050.jpg,hate_speech,race,0.0,3.0,حزام افريقي
img1049.jpg,hate_speech,ddd,0.0,1.0,عندما تنسى الاعمى لديه قدرة اعلى استخدام حاسة الشم
img1051.jpg,hate_speech,gender,0.0,4.0,بنت الزرقاء عند دخولها الامريكان كورار لاول مره رؤيتها لشاب يعزف على الجيتار يتحدث الغة الانجليزية بطلاقة
img1053.jpg,hate_speech,gender,0.0,4.0,اختراع الستيانة سنة العالم سنة
img1054.jpg,hate_speech,religion,0.0,0.0,لما تعمل حالك شيخ وانت بالحقيقة اخو منيوكة وعرص
img1057.jpg,hate_speech,religion,0.0,0.0,عندما تكون ملحد لعين ماكل خوازيق فتقرر ترجع دين الحق علشان ربنا يخفف سخط عليك فيقوم الرب بإصابته بمرض السرطان لان احب الله العبد ابتلاه
img1056.jpg,hate_speech,race,0.0,3.0,مزيل الرؤوس السوداء حاليا مزيل الرؤوس السوداء في 
img1055.jpg,hate_speech,gender,0.0,4.0,احمد نقلني بدي رفع المادة ما بعطي تعبي لحدا طب وهيك
img1058.jpg,hate_speech,religion,0.0,0.0,لما تنام وحد يسالك بالحلم من ربك تمزح وتحكي بشار بعدين يكمل سؤال ويحكي ماهو دينك
img1063.jpg,hate_speech,gender,0.0,4.0,لما تكوني من جماعة اللويبدة وبدك تتجوزي شب محترم وتتذكر انك بطلي شرمطة ورح تنضبي
img1067.jpg,hate_speech,national_origin,0.0,2.0,لما يكون زوجك عدوان بني صخر
img1066.jpg,hate_speech,religion,0.0,0.0,واحد شيعي بعد ما دخل سحب على مسابقة وكسب تلفزيون سوني
img1068.jpg,hate_speech,gender,0.0,4.0,نورا سنه الرياض احب الرسم وركوب الخيل ماجد سنة خيل
img1037.jpg,hate_speech,gender,0.0,4.0,عندما تقرر المبيت عند صديقك تستيقظ بألم المؤخرة
img1101.jpeg,hate_speech,ddd,0.0,1.0,عندما بدا الاطرش بالسمع ويدرك بأن الضرط لديه صوت
img1080.jpg,hate_speech,ddd,0.0,1.0,فتيات التيك توك يقومون بعمل ايحاءات وحركات رقص غريبة بايديهم بارجلهم الاناس الذين لديهم طرش ماذا تقولين لي ايها الشرموطة اللعينة
img1076.jpg,hate_speech,ddd,0.0,1.0,اذا كنت ترى هذا المنشور شريك سوف يحميك للابد الكفيفون
img1087.jpg,hate_speech,ddd,0.0,1.0,سوف يسعد الكفيفون عندما يرون اخر اصدار الايموجيز
img1081.jpg,hate_speech,ddd,0.0,1.0,يتمنى لو ان قضيبه قادر على ملامسة الارض يخسر كلا قدماه في حادث مرور
img1083.jpeg,hate_speech,race,0.0,3.0,الرجال الشعر الاشقر
img1079.jpg,hate_speech,religion,0.0,0.0,عندما تعطي ابنك الحقيبة الخاطئة للمدرسة
img1082.jpeg,hate_speech,national_origin,0.0,2.0,عندما يلعب العرب جتا لعب المهام زيارة النوادي الليلية
img1100.jpeg,hate_speech,national_origin,0.0,2.0,عندما يبتعد ماعز جيرانك القطيع
img1072.png,hate_speech,race,0.0,3.0,البحث عن الاب
img1075.jpeg,hate_speech,race,0.0,3.0,تلك اللحظة عندما يسأل معلمك عن شجرة العائلة لكنك لاتيني ابن زنى
img1078.jpeg,hate_speech,race,0.0,3.0,وجه جدتك عندما تصطحبين زنجيا للمنزل
img1084.jpeg,hate_speech,race,0.0,3.0,لا احد زنجي قام بتنظيف اسنانه
img1090.jpeg,hate_speech,race,0.0,3.0,وقت الاستحمام طفل اسود بعد الاستحمام طفل نظيف
img1091.jpeg,hate_speech,race,0.0,3.0,عندما تحصل اخيرا على فتاة اسيا وتبدا محاولة التكيف معها
img1092.jpeg,hate_speech,religion,0.0,0.0,اللعنة تبدو هذه الكنسية كالدجاجة
img1088.jpeg,hate_speech,race,0.0,3.0,معرفتي بالناس البيض المحتمل يكون هذا الاب
img1089.jpeg,hate_speech,race,0.0,3.0,الاناس المحظورون من غناء الراب
img1093.jpeg,hate_speech,national_origin,0.0,2.0,عندما تقوم بذكر الهامستر الصين العالم
img1095.jpeg,hate_speech,race,0.0,3.0,عندما تشعر بالتهديد لان زنجيا يتحرك باتجاهك
img1096.jpeg,hate_speech,race,0.0,3.0,الاناس البيض
img1097.jpeg,hate_speech,race,0.0,3.0,لا احد البنات ذو البشرة البيضاء
img1099.jpeg,hate_speech,race,0.0,3.0,عندما ترمي القليل الخبز بحيرة البط
img1102.jpeg,hate_speech,race,0.0,3.0,العرق الابيض نهاية فصل صيف
img1104.jpeg,hate_speech,ddd,0.0,1.0, اللعنة كيف استطاع هذا الجناح منزوع العظام اجتياز بوابة الامن
img1103.jpeg,hate_speech,race,0.0,3.0,البشرة البيضاء التعليقات هل انتي متاكدة ان رجل الذي قام بفعل ذلك نعم وهذه اول مرة اسمع بذلك لقد اتيت من عرق ابيض
img1086.jpg,hate_speech,race,0.0,3.0,اذا انتي تقولين ان اصلك لاتيني ولديكي مؤخرة صغيرة
img1085.jpg,hate_speech,national_origin,0.0,2.0,اوروبا الشرقية اوروبا
img1071.png,hate_speech,race,0.0,3.0,اذا كانت حياة السود مهمة على احد القول للزنوج ان يقتلوا الزنوج
img1074.jpeg,hate_speech,race,0.0,3.0,الاناس السود هم عكس الالبينو
img1070.jpeg,hate_speech,race,0.0,3.0,ذاك الشعور عندما تكون اسودا لكنك ابيض
img1098.jpeg,hate_speech,race,0.0,3.0,عندما تكون مطلوبا خمس ولايات و ست مجرات
img1094.jpeg,hate_speech,race,0.0,3.0,هذا ليس قرد انه فقط طفل اسود
img1077.jpg,hate_speech,religion,0.0,0.0,أنت تتثاءب دون وضع يدك على فمك الشيطان 
img1073.jpg,hate_speech,ddd,0.0,1.0,كارتون نتوورك
img1139.jpg,hate_speech,ddd,0.0,1.0,الترجمة اغنية حزينة الطرشان
img1106.jpg,hate_speech,ddd,0.0,1.0,لا تلمس عندما يقرأ الكفيف ذلك
img1109.jpeg,hate_speech,race,0.0,3.0,العرب لايك نعم تبدو هذه عمامة جيدة
img1138.jpg,hate_speech,ddd,0.0,1.0,عندما تجدان امراتك لديها الحق التصويت على فيسبوك لكنك تتذكر انه يجب ان يكون عمرك على الاقل 13 عاما لتمتلك هذا الحق
img1136.png,hate_speech,race,0.0,3.0,يستمتع هؤلاء الاطفال بهدية الكريسماس الخاصة بهم
img1105.png,hate_speech,gender,0.0,4.0,انا و عمك سوف نغتصبك تمهل لا تقفز
img1107.jpeg,hate_speech,race,0.0,3.0,ذوو الفانيلا منعدمو الثقافة
img1108.jpeg,hate_speech,national_origin,0.0,2.0,لا احد الاسماء جوازات السفر العربية
img1110.jpeg,hate_speech,race,0.0,3.0,كيف يرى ذوو البشرة البيضا انفسهم عندما يقولون كسم العرق الابيض
img1111.jpeg,hate_speech,race,0.0,3.0,باذن الرب كل الاثام ستغفر عدا ذنب انك ابيض المسيح اليقظ
img1113.jpeg,hate_speech,race,0.0,3.0,لا احد الفتيات ذوات البشرة البيضاء الشتاء
img1134.jpg,hate_speech,ddd,0.0,1.0,ياصديقي لماذا شرشبيل يخرج من بركة السباحة
img1133.jpg,hate_speech,ddd,0.0,1.0,لماذا انا بدين للغاية
img1132.jpg,hate_speech,ddd,0.0,1.0,قال الطبيب ان اتناول قطعة كيك واحدة فقط
img1131.jpg,hate_speech,ddd,0.0,1.0,جميع الاشخاص العالم اثناء فترة الحظر
img1130.jpg,hate_speech,gender,0.0,4.0,شكل زوجتك عندما تسأل ان كنت تخدعها
img1129.jpg,hate_speech,religion,0.0,0.0,انا محترف العاب القتال الالكترونية حيث انني اقتل الجميع باستخدام صاروخ
img1128.jpg,hate_speech,race,0.0,3.0,عندما تكون شخص هندي لكنك لا تعمل لدى شخص خليجي
img1127.jpg,hate_speech,ddd,0.0,1.0,كن هادئا عندما تتعامل النساء
img1126.jpg,hate_speech,race,0.0,3.0,عندما يصاب الشخص الاسيوي بالامساك
img1125.jpg,hate_speech,race,0.0,3.0,الزنوج عندما يشتمون رآئحة دجاج
img1116.jpg,hate_speech,ddd,0.0,1.0,لواحد يكون عنده بواسير وينزل جروب دكاترة علاج البواسير أقل جنيه متوحد زود جنيه وهات طيز جديدة
img1124.jpg,hate_speech,race,0.0,3.0,لما تخش الحمام بيت حد والسيفون يعلق
img1112.jpeg,hate_speech,race,0.0,3.0,يلقي نكات عنصرية اصدقائه لا يعلم تن امه تضاجع زنوجا في اوقاته المدرسية
img1135.jpeg,hate_speech,race,0.0,3.0,انا زنجي ناجح لا العب رياضة او راب
img1114.jpg,hate_speech,religion,0.0,0.0,عندما تنطق الشهادة قبل تشنق نفسك لان كان اخر كلامه اله الا الله دخل الجنة
img1117.jpg,hate_speech,national_origin,0.0,2.0,انت تخطف سبعا وتذهب للصحراء محاولا قطع الاتصال ثلاثيني بينه وبين باقي السبتاوية
img1115.jpg,hate_speech,ddd,0.0,1.0,بس تخلف ولد ويطلع معوق الجمارك
img1120.jpg,hate_speech,national_origin,0.0,2.0,إبن عشيرة يموت بنوبة قلبية الشهيد خلف المطايزة
img1119.jpg,hate_speech,gender,0.0,4.0,فتاة لصديقتها تستطيعين ركن السيارة بين هاتين السيارتين صديقتها راقبي وتعلمي دقائق لاحقا
img1122.jpg,hate_speech,race,0.0,3.0,عندما تكون ياباني وتنهض صباحا
img1121.jpg,hate_speech,national_origin,0.0,2.0,ابن عشائر اردني عندما يترشح للانتخابات
img1118.jpg,hate_speech,race,0.0,3.0,اسرائيل تعمل لجيش كامل عتال واسلحة عشان عرض الانتفاضات البلاجكة
img1123.jpg,hate_speech,religion,0.0,0.0,عندما تدخل حارة الهنود في عيد الاضحى فيبدا الجميع بشتمك لكنك طالع برأس ربهم 
img1137.jpg,hate_speech,gender,0.0,4.0,عزيزي لم ينفذ الصابون السائل بسرعة دائما ولم الخيار دائما رائحته كريهة مروة انت الفاعلة انه احمد
img1168.jpg,hate_speech,ddd,0.0,1.0,الترجمة موسيقى حفلات اناس باذن لا تعمل
img1153.png,hate_speech,ddd,0.0,1.0,الترجمة موسيقى متوترة الطرشان
img1166.jpg,hate_speech,ddd,0.0,1.0,عندما يريد الكفيف مشاهدة القذارة
img1158.jpg,hate_speech,ddd,0.0,1.0,سؤال كيف يعرف الكفيف متى يتوقف عن تمسيح مؤخرته
img1159.jpg,hate_speech,ddd,0.0,1.0,المخصيون لايك ارجو من الرب ان ينمو باكبر سرعة ممكنة
img1170.png,hate_speech,national_origin,0.0,2.0,فتاة عربية تظهر سنتمتر جسدها العرب
img1171.jpg,hate_speech,race,0.0,3.0,الرجال العرب لايك لقد قابلتك الاسبوع الماضي وانا الان مستعد لانجاب اطفال منك
img1165.jpg,hate_speech,religion,0.0,0.0,قبل ان تبدأ تضرب زوجتك عليك دائما ان تقول بسم الله
img1162.png,hate_speech,religion,0.0,0.0,لا احد المسيح
img1161.png,hate_speech,religion,0.0,0.0,هدفي الاول الحياة سماع المسيح يقول استثمر معي او اذهب للجحيم
img1163.jpg,hate_speech,ddd,0.0,1.0,عندما يقوم عمك باغتصاب ويظن اخاك المتوحد انها مباراة مصارعة
img1169.png,hate_speech,religion,0.0,0.0,داعشي مسلم يقوم بشق عنق كافر اخر
img1142.png,hate_speech,ddd,0.0,1.0,برنامج ليزي تاون كروموسوم
img1144.png,hate_speech,gender,0.0,4.0,عندما يتم الاعتداء عليك قبل شاذ ويقوم بمص قضيب حتى الاستمناء ويجعلك هذا غير قادر على الحركة فيقو صديقك بابعاد هذه المعركة
img1143.png,hate_speech,national_origin,0.0,2.0,وجبة تقليدية الاتحاد السوفيتي
img1172.png,hate_speech,ddd,0.0,1.0,عندما تاكل تبقى الكوكي اخوك المعاق يعطيك هذه النظرة
img1167.jpg,hate_speech,ddd,0.0,1.0,عزيزتي الفتاة السمينة لا تخافي الصعود فوقه مات فهذا قدره
img1145.jpeg,hate_speech,race,0.0,3.0,الفتيات كحلوى الهلامي كلهم جيدون ما عدا السوداء منهم
img1173.jpg,hate_speech,race,0.0,3.0,هكذا يرسم الاناس البيض عيسى
img1146.jpg,hate_speech,national_origin,0.0,2.0,لما العالم يكتشف حيوان جديد ايه الحيوان ده يا ترى نسميه ايه واحد صيني انا عاوز اذوق
img1148.jpg,hate_speech,national_origin,0.0,2.0,لما واحد اسكندراني يسافر فرنسا ويشوف برج ايفيل يا ميتين امي كل دا عمود كهربا
img1147.jpg,hate_speech,race,0.0,3.0,هعبده هاكله هتظاهر ضده
img1150.jpg,hate_speech,national_origin,0.0,2.0,العصارة في الصين
img1149.jpg,hate_speech,national_origin,0.0,2.0,شاهد صيني يأكل قلقاس
img1154.jpg,hate_speech,national_origin,0.0,2.0,الواتساب الصيني
img1151.jpg,hate_speech,race,0.0,3.0,الفحم تاني اكتر حاجه سودا العالم كوكب للاسف انتي الاولى عزيزتي المصرية
img1152.jpg,hate_speech,gender,0.0,4.0,لما تعترف للكراش بحبك وتقول انا ليزبيان انت
img1155.jpg,hate_speech,race,0.0,3.0,لما طالب زملكاوي ميعرفش يحل غير سؤالين هه لول سؤالين حلال احسن من 41 حرام
img1156.jpg,hate_speech,gender,0.0,4.0,خد يسطا متهزرش
img1141.jpeg,hate_speech,national_origin,0.0,2.0,فحص الحمل الاسيوي ادخل مكعب روبيك في الرحم واخرجه في غضون 30 ثانية اذا تم حله فانتي حامل
img1157.jpeg,hate_speech,national_origin,0.0,2.0,طعامي الصيني يبدو غاضبا
img1160.jpeg,hate_speech,national_origin,0.0,2.0,لماذا ليس لدى المكسيكيين فريق العاب قوى جيد لان اي احد قادر على الركض والقفز هو بالفعل على الجانب الاخر من الحائط
img1164.jpeg,hate_speech,gender,0.0,4.0,عندما تمرين امامك فتاة مؤخرة ونهدين كبيرين
img1174.jpeg,hate_speech,race,0.0,3.0,من الاكثر عنصرية السود ام البيض السود طبعا لاننا نكره السود ايضا
img1140.jpg,hate_speech,national_origin,0.0,2.0,ابشر بالفزعة ابن عمي حنا المطايزة نياكين السناجب رح نرجعك عالمجلس يلي برضه بنطالب باسقاطه لانه ملهوش فائدة بس ولا يهمك والنعم مني والنعم منك احكيلي بالنعم من شاربك بسرعة عشان يجي ظهري
img1180.jpg,hate_speech,ddd,0.0,1.0,البواب من المفترض ان تنبه هذه الاشارة الناس من الانزلاق الناس العمي
img1209.png,hate_speech,ddd,0.0,1.0,رأيت كفيفان يتقاتلان قمت بالصراخ انتبه لديه سكينة فقام كلامها بالهرب
img1190.jpg,hate_speech,ddd,0.0,1.0,الاناس العمي كيف يحلمون
img1189.jpg,hate_speech,ddd,0.0,1.0,بالعادة لا اساعد الاعمى باتجاهات الطريق لكن عندما افعل اقوم بالتاشير لهم
img1188.jpg,hate_speech,ddd,0.0,1.0,الضحك على الكفيفين امر ممتع لان ليس لديهم القدرة على القراءة
img1181.png,hate_speech,ddd,0.0,1.0,هي انا احب الكلاب انا افكر بموضوع ينال اعجابها  انا مخصي
img1187.jpg,hate_speech,ddd,0.0,1.0,الرجال المخصيون يعيشون اكثر
img1197.jpg,hate_speech,national_origin,0.0,2.0,قدمت حركة طالبان ايموجي ايادي مقطوعة
img1186.jpg,hate_speech,ddd,0.0,1.0,خسرت باوند يوم بترت قدماي من حادث مرور
img1202.jpg,hate_speech,ddd,0.0,1.0,على ماذا حصل الفتى الذي لديه يدا مقطع عيد الكريسماس على قفازات انا امزح فقط لا اعلم على ماذا حصل لم يفتحها حتى الان
img1205.jpg,hate_speech,ddd,0.0,1.0,كريم استعادة اليد لا شيء حدث من الممكن ان يعمل
img1177.jpg,hate_speech,race,0.0,3.0,الفتيات السود مع شعر اشقر ناعم يبدون  بطاريات دوراسيل
img1193.jpeg,hate_speech,religion,0.0,0.0,عندما تظن انها قامت بإعطائك رقم الولي لكن ينتهي المطاف بان اجابت على اتصالك حرام
img1208.jpg,hate_speech,national_origin,0.0,2.0,لوكان نيوتن عربيا
img1179.jpeg,hate_speech,religion,0.0,0.0,اعرف تكون لكننى سوف اجدك وسوف اقتلك اخي لقد نسيت ان تقول ان شاء الله
img1185.png,hate_speech,national_origin,0.0,2.0,كيف يقود الالمان الدراجة الهوائية
img1178.jpg,hate_speech,race,0.0,3.0,اذا لم تقم بالاكل من مطعم كي اف سي لمدة اسبوعين
img1207.png,hate_speech,race,0.0,3.0,هل لدى احد افراد العائلة مرض عقلي املك عما زنجيا
img1200.jpg,hate_speech,race,0.0,3.0,احدهم يقوم بالقاء نكتة حول الناس بيض يضاجعون اقر آبائهم الناس البيض
img1194.jpg,hate_speech,race,0.0,3.0,ما هو عرقك زنجي عنصري اسيوي طبيعي
img1199.jpg,hate_speech,race,0.0,3.0,كل هؤلاء الاناس البيض يجعلوني اشتاق لهيروشيما
img1182.png,hate_speech,race,0.0,3.0,الشيف لقد ضعت القليل الملح رشة فلفل ذوو البشرة البيضاء اللعنة هذا حارق جدا
img1204.jpg,hate_speech,race,0.0,3.0,عندما تقول نكتة ولا يضحك احد لانك زنجي
img1192.png,hate_speech,ddd,0.0,1.0,يجب نأخذ جميع الاشخاص البشعين نربطهم مع جميع الاشخاص العميان
img1206.jpg,hate_speech,national_origin,0.0,2.0,اوروبا
img1198.jpeg,hate_speech,ddd,0.0,1.0,يضع صورة على الفيسبوك وصف انا قبيح جدا الكل يوافقه الراي
img1203.jpeg,hate_speech,race,0.0,3.0,جنجر اسيوي اصيب بحروق شمس اثناء عمل الارز المقلي
img1191.jpg,hate_speech,ddd,0.0,1.0,وابننا مش بارع  في مجالات التوحد عنده عته منغولي زعيم متلازمة داون
img1183.jpeg,hate_speech,gender,0.0,4.0,عندما تمرين امامك فتاة مؤخرة ونهدين كبيرين
img1195.jpeg,hate_speech,religion,0.0,0.0,لعبت هنجر جيمز قبل تكون كوول كانت تدعى رمضان
img1196.jpeg,hate_speech,gender,0.0,4.0,غاضبة سعيدة خائفة مترددة مذهولة كل هذا في نفس الوقت
img1176.jpeg,hate_speech,race,0.0,3.0,عذر لا اتحدث في ميكروفون اسود
img1184.jpeg,hate_speech,race,0.0,3.0,وحش شرطي اخيرا صورة لهم عند الولادة
img1175.jpg,hate_speech,ddd,0.0,1.0,الاستاد اللي هيضحك تاني يتطرد انا ببص علي صاحبي وشه
img1201.jpg,hate_speech,race,0.0,3.0,سكر مرمى على الأرض المنل
img1211.jpg,hate_speech,ddd,0.0,1.0,ما هي اللغة التي يفكر فيها الطرشان
img1228.jpg,hate_speech,ddd,0.0,1.0,الكفيفون موجودون احد المغنيين في اليوروفيجن اذا كنت تريد الرؤية فقط اقتح عيناك الكفيفون اللعنة يا الها من فكرة رائعة كيف لم تخطر على بالي
img1223.jpg,hate_speech,ddd,0.0,1.0,كيف نتخيل الاعمى يرى العالم ماذا يرى الاعمى بالحقيقة
img1232.png,hate_speech,national_origin,0.0,2.0,ذكر سعودي ذكر ايراني ما هو عذرك ايها الشيعي القذر
img1221.jpg,hate_speech,race,0.0,3.0,عندما تقولين انه ليس بالامكان يتزوج ذات ال6 سنوات الولايات المتحدة ماذا تعنين بذلك
img1217.png,hate_speech,gender,0.0,4.0,رومانسية المدرسة ليس من الممكن ان تنسى
img1215.png,hate_speech,national_origin,0.0,2.0,كيف يتصفح الايطاليون الانترنت
img1224.jpg,hate_speech,national_origin,0.0,2.0,بطاطا ايطالية
img1229.png,hate_speech,race,0.0,3.0,شاهد سبونج بوب الاسود على قناة نيقالوديون
img1231.jpg,hate_speech,race,0.0,3.0,نيران صديقة
img1227.png,hate_speech,national_origin,0.0,2.0,طفل صيني يعثر على بيض ديناصور بعود الى 66 مليون عاما لا تأكلها يا ابن الداعرة
img1216.jpg,hate_speech,race,0.0,3.0,سيري وديني الى المنزل تبدا الطريق الى السجن
img1214.png,hate_speech,race,0.0,3.0,عندما يكون اول كراش خاص بطفلتك زنجي
img1220.png,hate_speech,religion,0.0,0.0,عندما تقوم بقراءة القران وجدانه يقول انه الاسلام دين السلام
img1222.png,hate_speech,ddd,0.0,1.0,عندما بفعل العادة السرية بسرعة جنونية على الجز العلوي الدرج ويظن اخاك المتوحد انها زلزال
img1230.png,hate_speech,ddd,0.0,1.0,عندما تصاب صديقتك بالسرطان وتفقد شعرها بسبب جلسات الكيماوي وانت الان لا ترى شعر لسحبه خلال مضاجعتها
img1213.png,hate_speech,race,0.0,3.0,انا اشاهد فيلما وثائقي الاطفال الافارقة القذرين
img1210.jpg,hate_speech,race,0.0,3.0,عندما تقوم بضرب زوجتك لإجبارها على الاجهاض وترى جارك الابيض يقوم بفعل ذلك ايضا ارى انك رجل ذو ثقافة
img1218.png,hate_speech,gender,0.0,4.0,عندما تسقط الجدة وينشر راسها لكن الشق يبدو الرحم الشعر
img1226.png,hate_speech,ddd,0.0,1.0,لقد حاولت مرة وضع حبوب الفاصولياء في مؤخرتي هكذا انتهى الحال مقعدا على الكرسي
img1219.png,hate_speech,race,0.0,3.0,الاقليات عندما يسخرون على الاناس البيض الاقليات عندما يتم السخرية منهم اللعنة اضف العرق هنا
img1212.jpg,hate_speech,gender,0.0,4.0,واقفة بالشارع عريان اكيد اسمها فيمينست با ذكوري يا متخلف
img1244.png,hate_speech,ddd,0.0,1.0,لماذا يعتقد الناس انني قبيح
img1243.png,hate_speech,ddd,0.0,1.0,انا أراك انت ايضا الشخص الاخراراك ايضا
img1242.png,hate_speech,ddd,0.0,1.0,الشخص القبيح انا احظى بالنساء
img1241.png,hate_speech,ddd,0.0,1.0,عندما تكون قصير جدا ويخبرك احدهم تنظران عينيه
img1240.png,hate_speech,ddd,0.0,1.0,العلاقات مثل البدينين معظمهم لا يعملون
img1239.png,hate_speech,ddd,0.0,1.0,لا يمكنك معرفة نمط حياة شخص أوصلته خلال النظريه حركة قبول فقدان الشهية
img1238.png,hate_speech,ddd,0.0,1.0,عندما تجلس بجانب شخص بدين وهنالك مقعدين فقط
img1237.png,hate_speech,ddd,0.0,1.0,كم قطعة بيتزا انا اريد كم قطعة بيتزا لديك
img1236.png,hate_speech,ddd,0.0,1.0,انا جائع هذا ليس عادل بالنسبة
img1235.png,hate_speech,ddd,0.0,1.0,الفتى السمين عندما تقول انه يستطيع اكل خمس قطع دجاج فقط
img1234.png,hate_speech,ddd,0.0,1.0,ماذا الذي يوجد السماء يجعله متعجبا
img1233.png,hate_speech,ddd,0.0,1.0,لاتدع الاعاقة تمنعك تحقيق احلامك
img1225.jpg,hate_speech,race,0.0,3.0,اووه انت لست عنصري قل اسم كل شخص ذو بشرة سوداء
img1279.png,hate_speech,ddd,0.0,1.0,شكرا لصراخه علي مقولة لم يقلها اي شخص اطرش حتى الان
img1278.png,hate_speech,ddd,0.0,1.0,الترجمة اطلاق عيارات نارية الاشخاص الصم
img1277.png,hate_speech,ddd,0.0,1.0,عندما ترى مضيفة الطيران انك اطرش وتعرض عليك كرسي متحرك
img1276.png,hate_speech,race,0.0,3.0,لماذا يجب يكون للاشخاص السود رائحة حتى يستطيع العميان يكرههم ايضا
img1275.png,hate_speech,ddd,0.0,1.0,عندما تنسى انك مصاب بمتلازمة داون
img1274.png,hate_speech,ddd,0.0,1.0,عندما يقوم الفتى المعاق بلمسك
img1273.png,hate_speech,ddd,0.0,1.0,عندما تكون فقيمة الغباء وتظن انك عبقري مثل ليستر لعبة
img1272.png,hate_speech,ddd,0.0,1.0,يجبان اتصرف بطبيعتي عندما اراه انا عندما أراه
img1271.png,hate_speech,ddd,0.0,1.0,انا ان لم انهي دراستي غذا فأنا حقا معاقة ايضا انا
img1270.png,hate_speech,ddd,0.0,1.0,عندما تقول صديقاتي انك معاقة اعطيته فرصة اخرى 
img1269.png,hate_speech,ddd,0.0,1.0,حتى انا اعتقد ان هذا الامر غبي
img1268.png,hate_speech,ddd,0.0,1.0,معاق لقد ظننت انني مصاب بالتوحد
img1267.png,hate_speech,ddd,0.0,1.0,لقد فقدت ك لكنني حصلت على كروموسوم لكنني حصلت على كروموسوم
img1266.png,hate_speech,ddd,0.0,1.0,طر مثل الفراشة واركض مثل المعوق
img1265.png,hate_speech,ddd,0.0,1.0,معوق ام ظريفانا لسا معوقا انا ظريف
img1264.png,hate_speech,ddd,0.0,1.0,شكل الشخص الذي يستمع الى اغاني الروك
img1263.png,hate_speech,ddd,0.0,1.0,انا لسا معوق انا فقط منتشي
img1262.png,hate_speech,ddd,0.0,1.0,لتعبث رجل العصابة المعاق
img1261.png,hate_speech,ddd,0.0,1.0,انت معاق ان كنت تظن انك ستأخذ رقمي انا
img1260.png,hate_speech,ddd,0.0,1.0,عندما يستحوذ الطفل المعاق على الصمغ
img1259.png,hate_speech,ddd,0.0,1.0,كلب البج خاصتك يبدو رائعا هذا ابني
img1258.png,hate_speech,ddd,0.0,1.0,عندما تفتح باب غرفة التعليم الخاص يحاول الشخص المعاق الهروب الغرفة
img1257.png,hate_speech,ddd,0.0,1.0,عندما ترى ميمز عن المعوقين لكنك بالاصل شخص معوق
img1256.png,hate_speech,religion,0.0,0.0,عندما تكون في وضع 69 مع فتاة مسيحية
img1255.png,hate_speech,religion,0.0,0.0,عدما نذهب لدوله اوروبية وبد ريال كنير العرب الملحدين العبوبي ولكنك تستطع تطبيق الردة لان الدولة ستنفعك وكل نستطع فعله رقم بنور ايمان
img1254.png,hate_speech,ddd,0.0,1.0,مرحبا مطعم ماكدونالدز ان طلبي يفتقد ثلاث حبات بطاطس
img1253.png,hate_speech,ddd,0.0,1.0,شخص نحيف جدا انا حقا شخص مفتول العضلات
img1252.png,hate_speech,ddd,0.0,1.0,حقا تتهمني بأن انفي كبير
img1251.png,hate_speech,ddd,0.0,1.0,يمكنها تشم المستقبل
img1250.png,hate_speech,ddd,0.0,1.0,الان اصبحت امتلك متلازمة اعلى
img1249.png,hate_speech,ddd,0.0,1.0,هي يمكنك فتح هذه العبوة انا
img1248.png,hate_speech,ddd,0.0,1.0,وفقا لحساباتي انت حبة بطاطس
img1247.png,hate_speech,ddd,0.0,1.0,لدي 99 كروموسوم وانت لست واحد منهم
img1246.png,hate_speech,ddd,0.0,1.0,المفصوم و هو وحيد المقصوم وهو مع الناس
img1245.png,hate_speech,ddd,0.0,1.0,عندما تفتح الكاميرا الامامية بالخطأ
img1305.jpg,hate_speech,ddd,0.0,1.0,فيكل مرة ينام الشخص الاعمى
img1310.png,hate_speech,national_origin,0.0,2.0,الذي يجعلك تشعر باقصى درجات المحنة
img1304.png,hate_speech,gender,0.0,4.0,تحاول الفتاة البيضاء تكون عربية لجذب احمد لها
img1316.jpg,hate_speech,religion,0.0,0.0,تلبس كمامة كوفيد 19 لقد كانوا يعرفون طول الوقت
img1314.jpg,hate_speech,race,0.0,3.0,جمال سينا
img1315.png,hate_speech,race,0.0,3.0,قلبي مسترخي اثناء التدريب زنجي متوجه نحوك
img1302.png,hate_speech,ddd,0.0,1.0,عندما تقوم باعطاء متشردا بعض المال فيقو بإعطائك بعض المني
img1306.png,hate_speech,ddd,0.0,1.0,عندما تسقط عينان البروفيسور الناجي السرطان ويظن الطفل الذي لديه توحد انها حلوى
img1307.png,hate_speech,gender,0.0,4.0,طيزي عمي
img1300.png,hate_speech,religion,0.0,0.0,يوسف المسيخي يوسف المسلم
img1299.png,hate_speech,race,0.0,3.0,اسلحة الدمار في اي مكان في العالم اسلحة الدمار عند العرب
img1298.png,hate_speech,religion,0.0,0.0,هذا ممتاز
img1297.png,hate_speech,religion,0.0,0.0,حان وقت تختار زوجتك بنى
img1296.png,hate_speech,race,0.0,3.0,انها تريد الفلافل خاصتي
img1295.png,hate_speech,religion,0.0,0.0,لقد قمت بقص شعري وهو لم ينتبه حتى
img1294.png,hate_speech,religion,0.0,0.0,لااحد يريد الاقتراب محمد انه متفجر جدا
img1293.png,hate_speech,race,0.0,3.0,مرحبا عزيزتي تريدين قضاء وقت طيب انا اتكلم الناقة بجانبك لايتكلم معك
img1292.png,hate_speech,race,0.0,3.0,كيف تريدان تكون ارهابي
img1291.png,hate_speech,race,0.0,3.0,التطور من تقشير الموز الى اطلاق العيارات النارية
img1290.png,hate_speech,national_origin,0.0,2.0,الصين هذا يعني العشاء جاهز
img1289.png,hate_speech,religion,0.0,0.0,انت تقول الاسلام دين عنيف سوف اقتلك
img1288.png,hate_speech,race,0.0,3.0,قرود عظيمة الافضل في السوق
img1287.png,hate_speech,race,0.0,3.0,لماذا لا يضعون هذا في كل متجر
img1286.png,hate_speech,ddd,0.0,1.0,شخص اعمى
img1285.png,hate_speech,ddd,0.0,1.0,عندما تعود للمنزل بعدما التنمر عليك لأنك اعمى
img1284.png,hate_speech,ddd,0.0,1.0,عندما يسمع المكفوفين تأثيرات صوتية لكنهم يعلمون ماذا تعني
img1283.png,hate_speech,ddd,0.0,1.0,سيسعد الشخص الاعمى عندما يرى انه عمل ايموجي خاص
img1282.png,hate_speech,race,0.0,3.0,قد اكون اعمى لكنني على الاقل لست زنجيا
img1281.png,hate_speech,ddd,0.0,1.0,الترجمة صوت مرعب الشخص الاطرش
img1280.png,hate_speech,ddd,0.0,1.0,عندما يسمع شخص اطرش لاول مرة ويدرك اطلاق الريح
img1301.png,hate_speech,race,0.0,3.0,لماذا يجب يكون للاشخاص السود رائحة حتى يستطيع العميان يكرههم ايضا
img1303.jpg,hate_speech,national_origin,0.0,2.0,الفرق نيسي بين اوروبا امريكا
img1311.jpeg,hate_speech,ddd,0.0,1.0,برو لماذا ابدو كمكعب العشب في ماينكرافت
img1313.jpg,hate_speech,ddd,0.0,1.0,حيوانات مصابة بمتلازمة داون المنغولية
img1309.png,hate_speech,ddd,0.0,1.0,كنت غبي ولاتستطيع الاصطفاف ابق في المنزل
img1308.png,hate_speech,ddd,0.0,1.0,عندما تضغط على ايقاف الفلاش على الكاميرا خاصتك
img1312.jpg,hate_speech,race,0.0,3.0,عندما يكون الزنوج سكرانين
